id,badstring,user
ac7f0898-264f-49a4-b96a-aa38036e6e11,ãƒ»(ï¿£âˆ€ï¿£)ãƒ»:*:,jbrydon0
1e744ebb-2395-4a6e-b7f3-29ab0a1f1111,Ë™Énbá´‰lÉ ÉuÆƒÉÉ¯ ÇÉ¹olop Ê‡Ç ÇÉ¹oqÉl Ê‡n Ê‡unpá´‰pá´‰É”uá´‰ É¹odÉ¯ÇÊ‡ poÉ¯sná´‰Ç op pÇs 'Ê‡á´‰lÇ Æƒuá´‰É”sá´‰dá´‰pÉ É¹nÊ‡ÇÊ‡É”ÇsuoÉ” 'Ê‡ÇÉ¯É Ê‡á´‰s É¹olop É¯nsdá´‰ É¯ÇÉ¹oË¥,klamputt1
32142750-87d8-45f6-acc9-c8a6abc28f43,1,vhandford2
6c8f65ee-4390-4b6a-ad15-7778b0ee0a5a,Â¡â„¢Â£Â¢âˆÂ§Â¶â€¢ÂªÂºâ€“â‰ ,whedling3
839ac32b-dc16-4ca6-8f53-578c53f91c56,ãƒ½à¼¼àºˆÙ„Íœàºˆà¼½ï¾‰ ãƒ½à¼¼àºˆÙ„Íœàºˆà¼½ï¾‰ ,esantus4
2d742125-443f-4d88-a043-5fafa90a3178,â°â´âµâ‚€â‚â‚‚,jhanscome5
baac45bc-c65a-443a-9f2c-984566ddaf60,,wcolebeck6
d8ef5f08-adf8-4120-b449-0f2189e40aef,ğ œğ œ±ğ ¹ğ ±“ğ ±¸ğ ²–ğ ³,akibble7
674be769-7982-467b-8384-71fe5f759eb9,1/2,pcolvin8
a9ef005c-b967-4fca-b690-df0e0cd51797,(â•¯Â°â–¡Â°ï¼‰â•¯ï¸µ â”»â”â”»)  ,slangstrath9
ac1ab2ff-67c0-4192-9b9c-ca741143b663,1.00,lwella
6b387b72-ca18-47d7-b3f5-d863cd1e0bf4,,abeneyb
2a430076-73ab-42e3-ac41-2b9e45b0dfce,../../../../../../../../../../../etc/passwd%00,bjessc
eb579d06-df60-43ba-a656-82d062e9fde4,ç¤¾æœƒç§‘å­¸é™¢èªå­¸ç ”ç©¶æ‰€,iogradad
3993198c-8a94-44c4-8f2d-d49383e690f0,NULL,klovstrome
046faf81-61ce-48a2-bc07-2cd4191320d2,â‚€â‚â‚‚,kmeachenf
06766ecb-9a57-44fc-951f-2272fd2f9d43,ãƒ»(ï¿£âˆ€ï¿£)ãƒ»:*:,vcornelisg
7777f7e7-b693-4bb2-86e5-c92525163b3b,Ì¡Í“Í…ÌIÍÌ—Ì˜Ì¦nÍ‡Í‡Í™vÌ®Ì«okÌ²Ì«Ì™ÍˆiÌ–Í™Ì­Ì¹Ì ÌnÌ¡Ì»Ì®Ì£ÌºgÌ²ÍˆÍ™Ì­Í™Ì¬Í Ì°tÍ”Ì¦hÌÌ²eÌ¢Ì¤ ÍÌ¬Ì²Í–fÌ´Ì˜Í•Ì£eÍ€Í–eÌ£Ì¥Ì©lÍ–Í”ÍšiÍ Í“ÍšÌ¦nÍ–ÍÌ—Í“Ì³Ì®gÍ Ì¨oÍ¡ÍšÌªfÌ˜Ì£Ì¬ Ì–Ì˜Í–ÌŸÍ™Ì®cÒ‰Í”Ì«Í–Í“Í‡Í–Í…hÌµÌ¤Ì£ÍšÍ”aÍÌ—Ì¼Í…Í•oÌ¼Ì£Ì¥sÍ¢Ì±ÍˆÌºÌ–Ì¦Ì».Ì›Ì–ÌÌ Ì«Ì°,rquenellh
a05b40b0-c367-42dc-a860-33cbe3f95b5d,ZÌ®ÌÍ…Ì Í™Í”AÌ¥Ì—ÌÍˆÌ»Ì—LÌ£Í™ÍÌ¯Ì¹ÌÍ“GÌ»OÌ­Ì—Ì®,fgethingsi
c343a49b-a587-4632-b50a-034e3180ac76,ãƒ‘ãƒ¼ãƒ†ã‚£ãƒ¼ã¸è¡Œã‹ãªã„ã‹,nmaundrellj
a77ed329-f329-47e7-9e0a-98ac7d21466b,-1,edannellk
9bf5593b-9560-487a-9cb5-154eedd6414f,"×‘Ö¼Ö°×¨Öµ××©×Ö´×™×ª, ×‘Ö¼Ö¸×¨Ö¸× ×Ö±×œÖ¹×”Ö´×™×, ×Öµ×ª ×”Ö·×©Ö¼×Ö¸×Ö·×™Ö´×, ×•Ö°×Öµ×ª ×”Ö¸×Ö¸×¨Ö¶×¥",imidsonl
1ec5a5f6-5f33-465e-bd2c-b2aa63069273,',ckenwaym
c01d666e-7b8d-43f2-a85f-eb040ae393d1,ğŸµ ğŸ™ˆ ğŸ™‰ ğŸ™Š,bbatistellin
0986df6e-e49a-4a17-b7f6-929d690f108e,áš€,pthreadgoldo
4e1cb61b-b172-49b5-acac-fe5fc074c200,ğŸš¾ ğŸ†’ ğŸ†“ ğŸ†• ğŸ†– ğŸ†— ğŸ†™ ğŸ§,tfearp
b4166a6f-f744-4704-a6f1-a8d719012f30,â°â´âµ,mtolhurstq
1887e3bc-57e1-485f-9ccf-a963818c2f3c,ğ œğ œ±ğ ¹ğ ±“ğ ±¸ğ ²–ğ ³,balejandrir
52f8a8dc-d6ff-4f62-af31-aa86d04717c6,../../../../../../../../../../../etc/hosts,rgilbanes
5c8a29b8-b009-4285-ba3c-b6f256e311d6,"×‘Ö¼Ö°×¨Öµ××©×Ö´×™×ª, ×‘Ö¼Ö¸×¨Ö¸× ×Ö±×œÖ¹×”Ö´×™×, ×Öµ×ª ×”Ö·×©Ö¼×Ö¸×Ö·×™Ö´×, ×•Ö°×Öµ×ª ×”Ö¸×Ö¸×¨Ö¶×¥",jalbont
b67eb7a2-10fd-4beb-bbda-322cfaabaf44,-$1.00,zenzleyu
8f9f286e-5691-4d4e-b056-97da5535bb68,Ì¦HÍÌ¬Ì¤Ì—Ì¤eÍœ ÍÌœÌ¥ÌÌ»ÍÌŸwÌ•hÌ–Ì¯Í“oÌÍ™Ì–ÍÌ±Ì® Ò‰ÌºÌ™ÌÌŸÍˆWÌ·Ì¼Ì­aÌºÌªÍiÌ¨ÍˆÍ•Ì­Í™Ì¯ÌœtÌ¶Ì¼Ì®sÌ•Ì˜Í™Í– Ì Ì«Ì BÌ»ÍÍ…Í™Í‰Ì³eÌµhÌµÌ¬Í‡Ì«Í™iÌ•Ì¹Í“Ì³Ì³Ì®ÍÌ«nÍŸdÌ´ÌªÌœÌ– ÍÌ°Í‰Ì©Í…Í‡Í™Ì²TÍ¢Í–Ì¼Í“ÌªhÍÍ“Ì®Ì»eÌ¬ÌÍ…ÌŸ Ì¤Ì¹ÌWÍÍ…Í™ÌÌÍ”Í‡aÍÍ“Í”Ì¹Ì¼Ì£lÌ´Í”Ì°Ì¤ÌŸÍ”lÌ­Ì«.Í•,tfostv
5cd61187-9ba5-49ea-89fb-8d7ba8ec0ea9,00Ë™Æ–$-,hivattw
8d3030e6-b13e-4f69-86c7-0ef7011d086f,-1,rpollakx
f5811c25-d171-44bf-bb35-9ab8c99323bf,'',kclayhilly
c4ca86b8-186f-45da-991e-35ea13e154d7,Å“âˆ‘Â´Â®â€ Â¥Â¨Ë†Ã¸Ï€â€œâ€˜,gworsnipz
50da0a7d-db2f-4a68-ad9c-1e0541655579,ï¾Ÿï½¥âœ¿ãƒ¾â•²(ï½¡â—•â€¿â—•ï½¡)â•±âœ¿ï½¥ï¾Ÿ,cboumphrey10
96964c4d-361f-47ba-bcd0-84a8548c37cd,â¤ï¸ ğŸ’” ğŸ’Œ ğŸ’• ğŸ’ ğŸ’“ ğŸ’— ğŸ’– ğŸ’˜ ğŸ’ ğŸ’Ÿ ğŸ’œ ğŸ’› ğŸ’š ğŸ’™,lelby11
cfc322b5-c3c8-486a-aeb2-35e2ca732e19,00Ë™Æ–$-,sgivens12
0032a163-1be3-43a5-97ad-b951018baf00,1E+02,cstadden13
b9710d12-76b9-4a3f-9af8-15ab59d6bd97,âœ‹ğŸ¿ ğŸ’ªğŸ¿ ğŸ‘ğŸ¿ ğŸ™ŒğŸ¿ ğŸ‘ğŸ¿ ğŸ™ğŸ¿,lkiefer14
7c6115c4-bce0-434f-a42c-62729a2625a6,"""",scaygill15
19f0f52c-8fe4-4df4-8e5e-c8f7792811b3,",ã€‚ãƒ»:*:ãƒ»ã‚œâ€™( â˜» Ï‰ â˜» )ã€‚ãƒ»:*:ãƒ»ã‚œâ€™",cwelsh16
8686a63f-896e-4324-9f56-f305d9c9a23f,â€©testâ€©,jkeysel17
90e04257-1bd0-4ec6-a3a7-8fa25919d17e,Ã¥ÃŸâˆ‚Æ’Â©Ë™âˆ†ËšÂ¬â€¦Ã¦,mpeartree18
aa94d3ea-674b-4af4-9719-c6880e52ccce,",ã€‚ãƒ»:*:ãƒ»ã‚œâ€™( â˜» Ï‰ â˜» )ã€‚ãƒ»:*:ãƒ»ã‚œâ€™",kbeckwith19
b124d495-02bb-4d5d-a701-586c22e91101,Ù¡Ù¢Ù£,smccorley1a
8aa08d68-a011-4b6f-b3c6-2b541093771e,Â¸Ë›Ã‡â—ŠÄ±ËœÃ‚Â¯Ë˜Â¿,rhaspineall1b
fb3d67a8-0808-4faf-93f2-fd2a52a475fe,',nbatha1c
1938dadc-b974-4f3b-9f36-891c7fd8dd13,ZÌ®ÌÍ…Ì Í™Í”AÌ¥Ì—ÌÍˆÌ»Ì—LÌ£Í™ÍÌ¯Ì¹ÌÍ“GÌ»OÌ­Ì—Ì®,mmarshfield1d
4e4a82c0-a8e0-402e-8f3f-6f48466377c3,â°â´âµ,nhagard1e
fc15a2d1-0738-4cdf-bc3a-d46eb27d21bb,ğŸµ ğŸ™ˆ ğŸ™‰ ğŸ™Š,pscreach1f
d96cfde6-005e-4300-a565-0c4175d0fa26,×”Ö¸×™Ö°×ªÖ¸×”testØ§Ù„ØµÙØ­Ø§Øª Ø§Ù„ØªÙ‘Ø­ÙˆÙ„,nberndsen1g
ba5aa9c2-783c-4c40-9eca-b314bdef9a9d,å’Œè£½æ¼¢èª,lcana1h
9e514c72-c63b-4251-b701-dc4211d9fc53,ã€€,mdeek1i
f7428058-e2e4-40d8-ad4d-3c35e279895e,TÌ•Ì­ÌºÌºoÍ Ì·iÌ²Ì¬Í‡ÌªÍ™nÌÌ—Í•vÍŸÌŸÌœÌ˜Ì¦oÌ¶Ì™Ì°Ì keÍ€ÍšÌ®ÌºÌªÌ¹Ì±Ì¤ Ì–tÍÌÍ•Ì³Ì£Ì»ÌªhÌ¼Í“Ì²Ì¦Ì³Ì˜Ì²eÍ‡Ì£Ì°Ì¦Ì¬Í Ì¢Ì¼Ì»Ì±Ì˜hÍ…ÍšÍÍ™ÌœÌ£Ì²iÌ¦Ì²Ì£Ì°Ì¤vÌ»ÍeÌºÌ­Ì³ÌªÌ°-mÌ¢iÍ…nÌ–ÌºÌÌ²Ì¯Ì°dÌµÌ¼ÌŸÍ™Ì©Ì¼Ì˜Ì³ ÌÌ¥Ì±Ì³Ì­rÌ›Ì—Ì˜eÍ™pÍ rÌ¼ÌÌ»Ì­Ì—eÍŸÌºÌ Ì£sÌ˜Í‡Ì³ÍÌÍ‰eÍœÍ‰Ì¥Ì¯ÌÌ²ÍšÌ¬nÍ€Ì¬ÍÍÌŸÌ–Í‡Ì¤tÍ˜ÍÌ¬Í…Ì¤Í“Ì¼Ì­iÌªÌ±nÍ gÌ´Í‰ ÍÍ‰Í…cÌ¬ÌŸhÍ¡aÍ˜Ì«Ì»Ì¯oÌ«ÌŸÌ–ÍÌ™ÌÍ‰sÌ—Ì¦Ì².Ì¨Ì¹ÍˆÌ£,jragot1j
94f798ec-62d8-4b7e-9f55-81c5bc41130a,ğŸ˜,yduly1k
d59900e0-87fa-4230-ac68-6ff04dc0dc2e,NULL,lpottell1l
36625de2-eafa-4d1e-91ad-7e33e81d54c3,â€©testâ€©,flarmouth1m
b4cadd68-b742-4793-a38c-0f4b66d4e69c,-1E02,scurmi1n
0e76304c-ed28-4e9d-acf9-77098c6c3ba7,"""",kpatsall1o
ba0e4c1c-36d7-4845-9d47-d260fc2ebbd2,<script>alert('hi')</script>,kamoss1p
3f5da863-4453-4549-907c-16dbeee8db23,1/2,pdonohoe1q
4256e3ab-4f8a-4538-9f54-ce166159a0dd,ì‚¬íšŒê³¼í•™ì› ì–´í•™ì—°êµ¬ì†Œ,gvannuchi1r
870747e9-f265-438f-87df-5e602b31a5bc,(ï¾‰à²¥ç›Šà²¥ï¼‰ï¾‰ï»¿ â”»â”â”»,bhadye1s
59aa65b6-8b76-420d-aeb6-3079ec15a36d,â£,erubenczyk1t
1a25ac62-c611-4beb-979f-3add72131eb3,éƒ¨è½æ ¼,vschettini1u
6bb3bd87-c0c8-423b-b7d6-0ecc3e802327,ï»¿,kglyne1v
769f93e0-99e0-4ee1-95cc-ddf53a0bcc57,"×‘Ö¼Ö°×¨Öµ××©×Ö´×™×ª, ×‘Ö¼Ö¸×¨Ö¸× ×Ö±×œÖ¹×”Ö´×™×, ×Öµ×ª ×”Ö·×©Ö¼×Ö¸×Ö·×™Ö´×, ×•Ö°×Öµ×ª ×”Ö¸×Ö¸×¨Ö¶×¥",lholyard1w
cd98194e-6991-4aa6-a9a1-91f1f1b8c41c,(ï¾‰à²¥ç›Šà²¥ï¼‰ï¾‰ï»¿ â”»â”â”»,cbrinson1x
7e5eaaa8-a3fe-4a32-bee6-2097f2662c3b,á ,wbrunker1y
0a37c316-30c2-4e04-b2db-eb3115e1cd2f,Î©â‰ˆÃ§âˆšâˆ«ËœÂµâ‰¤â‰¥Ã·,tveighey1z
cdb84219-6956-4ff3-8e93-0fe980be39b4,0.00,hrebbeck20
fc73f720-7847-4e37-a050-a9b7538adc85,ğŸš¾ ğŸ†’ ğŸ†“ ğŸ†• ğŸ†– ğŸ†— ğŸ†™ ğŸ§,ppurkis21
d6889137-fed2-45ed-b745-aa6a975e93ca,ï½€ï½¨(Â´âˆ€ï½€âˆ©,jspencook22
3cc8ab16-a03c-45c1-b474-05dd9d907c04,() { _; } >_[$($())] { touch /tmp/blns.shellshock2.fail; },baleksandrev23
3bb932c2-a37b-4708-974c-6b7c62d7ae76,<img src=x onerror=alert('hi') />,jbladen24
eca5bf3b-14c6-4cab-8b52-5da031bf9dd7,1'; DROP TABLE users--,kgutridge25
2f333e30-f421-402f-864c-eeed58d5b4ed,"""''''""'""",egawthorp26
b32eee31-7852-4d96-83d5-3f714fcddf20,ã€€,phabden27
3b965bff-58a9-441f-b454-6264f75dd7af,âœ‹ğŸ¿ ğŸ’ªğŸ¿ ğŸ‘ğŸ¿ ğŸ™ŒğŸ¿ ğŸ‘ğŸ¿ ğŸ™ğŸ¿,mtortoise28
46c08022-6c8e-4169-be7f-40dd0203f9ca,1;DROP TABLE users,asherreard29
4be48fab-b988-4fc5-89f7-d5120bddd992,null,cwestphalen2a
9323f67f-3a07-4524-ab0e-ee3507b9fec6,-1E02,cdabling2b
cd144e92-7343-4fe0-92e8-0da82c41f5a6,å’Œè£½æ¼¢èª,rwatton2c
200dde35-308e-44f9-b6a2-90f44484d889,"<>?:""{}|_+",plearman2d
eebe0fef-aa5e-4fa8-b7bd-d275356f5f06,ZÌ®ÌÍ…Ì Í™Í”AÌ¥Ì—ÌÍˆÌ»Ì—LÌ£Í™ÍÌ¯Ì¹ÌÍ“GÌ»OÌ­Ì—Ì®,jhugh2e
fe02086d-65cb-48e1-a951-c68b01ee6b5f,/dev/null; touch /tmp/blns.fail ; echo,tcastanares2f
be47e6a4-2d2c-4b57-a882-ebc84a71b36a,â€‹,rbreadon2g
93bdb115-2173-4116-930e-5426ab050685,<svg><script>0<1>alert('XSS')</script>,imattessen2h
696ef0b2-10c2-4cab-bc02-d6db1c1633e1,"""""",kkirman2i
e58f2820-eba7-43c8-a973-26dd760f0aa3,â€«testâ€«,nsemonin2j
5496e117-f8bc-4949-a070-2745aed67f8c,Ì¡Í“Í…ÌIÍÌ—Ì˜Ì¦nÍ‡Í‡Í™vÌ®Ì«okÌ²Ì«Ì™ÍˆiÌ–Í™Ì­Ì¹Ì ÌnÌ¡Ì»Ì®Ì£ÌºgÌ²ÍˆÍ™Ì­Í™Ì¬Í Ì°tÍ”Ì¦hÌÌ²eÌ¢Ì¤ ÍÌ¬Ì²Í–fÌ´Ì˜Í•Ì£eÍ€Í–eÌ£Ì¥Ì©lÍ–Í”ÍšiÍ Í“ÍšÌ¦nÍ–ÍÌ—Í“Ì³Ì®gÍ Ì¨oÍ¡ÍšÌªfÌ˜Ì£Ì¬ Ì–Ì˜Í–ÌŸÍ™Ì®cÒ‰Í”Ì«Í–Í“Í‡Í–Í…hÌµÌ¤Ì£ÍšÍ”aÍÌ—Ì¼Í…Í•oÌ¼Ì£Ì¥sÍ¢Ì±ÍˆÌºÌ–Ì¦Ì».Ì›Ì–ÌÌ Ì«Ì°,lhallstone2k
2a1e4629-5e42-47ee-888d-9ac2b9bafafa,1.00,ptanby2l
56fb7fc7-fee8-473c-98f0-03841fb96279,âœ‹ğŸ¿ ğŸ’ªğŸ¿ ğŸ‘ğŸ¿ ğŸ™ŒğŸ¿ ğŸ‘ğŸ¿ ğŸ™ğŸ¿,sothick2m
56f4100b-e7f1-4168-9ba4-35bf8a57c5f7,-$1.00,hfrichley2n
fdc7e1b2-20d2-4aa8-b02f-a1232a6dc4f8,Ì¡Í“Í…ÌIÍÌ—Ì˜Ì¦nÍ‡Í‡Í™vÌ®Ì«okÌ²Ì«Ì™ÍˆiÌ–Í™Ì­Ì¹Ì ÌnÌ¡Ì»Ì®Ì£ÌºgÌ²ÍˆÍ™Ì­Í™Ì¬Í Ì°tÍ”Ì¦hÌÌ²eÌ¢Ì¤ ÍÌ¬Ì²Í–fÌ´Ì˜Í•Ì£eÍ€Í–eÌ£Ì¥Ì©lÍ–Í”ÍšiÍ Í“ÍšÌ¦nÍ–ÍÌ—Í“Ì³Ì®gÍ Ì¨oÍ¡ÍšÌªfÌ˜Ì£Ì¬ Ì–Ì˜Í–ÌŸÍ™Ì®cÒ‰Í”Ì«Í–Í“Í‡Í–Í…hÌµÌ¤Ì£ÍšÍ”aÍÌ—Ì¼Í…Í•oÌ¼Ì£Ì¥sÍ¢Ì±ÍˆÌºÌ–Ì¦Ì».Ì›Ì–ÌÌ Ì«Ì°,cdyble2o
774c9c54-8dca-41dd-89eb-fa2f2018afc6,1E+02,bgwyneth2p
dd96d235-351d-477e-883e-d9a5af4cc89d,Â¸Ë›Ã‡â—ŠÄ±ËœÃ‚Â¯Ë˜Â¿,hskitt2q
04e48885-bfc5-462e-bc72-a3264351830e,ãƒ»(ï¿£âˆ€ï¿£)ãƒ»:*:,aseaborn2r
a4301613-67bf-475c-b99c-5dd39996b769,"""""",rmorcomb2s
96d8ddc2-b458-48c9-9227-d4040aafb8cc,â¡,mminero2t
196dba46-6041-4f0f-8de8-69ac1fb88ed1,-1/2,astreeting2u
6891aacf-46d4-4643-89ed-8bcc9dccd428,ã€€,ahindshaw2v
ecd558fe-19c1-4855-b315-682767416d5a,0.00,asnare2w
38b531b5-933b-4de7-bc97-643e841e6783,ğŸ˜,bmansuer2x
d60810f5-5fcc-4c0e-b4ed-6dd05ffb8020,ãƒ»(ï¿£âˆ€ï¿£)ãƒ»:*:,thighway2y
3e60b75b-41c6-45e8-a999-bf9887ffb389,1/2,shasslocher2z
5c0010a3-bebe-4c28-8f8b-9053965ec82a,Ã…ÃÃÃËÃ“Ã”ï£¿Ã’ÃšÃ†â˜ƒ,bkenright30
81c67036-af03-4ae6-854d-eb3e2e7dc079,Ë™Énbá´‰lÉ ÉuÆƒÉÉ¯ ÇÉ¹olop Ê‡Ç ÇÉ¹oqÉl Ê‡n Ê‡unpá´‰pá´‰É”uá´‰ É¹odÉ¯ÇÊ‡ poÉ¯sná´‰Ç op pÇs 'Ê‡á´‰lÇ Æƒuá´‰É”sá´‰dá´‰pÉ É¹nÊ‡ÇÊ‡É”ÇsuoÉ” 'Ê‡ÇÉ¯É Ê‡á´‰s É¹olop É¯nsdá´‰ É¯ÇÉ¹oË¥,vassur31
8ed9c93b-56d8-4904-a089-82dc586cd331,áš€,tsimkovitz32
cf6c1416-4100-491e-bee9-fac22cb33c16,-1/2,tfolkes33
c42963ee-8d5b-4a65-96a3-fb4768bf6602,ğ œğ œ±ğ ¹ğ ±“ğ ±¸ğ ²–ğ ³,stissell34
888a1bc4-7e76-4481-81be-b8b058eacde0,(â•¯Â°â–¡Â°ï¼‰â•¯ï¸µ â”»â”â”»)  ,bminkin35
643961f9-a3f8-4cce-909a-e2d5947a55df,ğŸš¾ ğŸ†’ ğŸ†“ ğŸ†• ğŸ†– ğŸ†— ğŸ†™ ğŸ§,htunnicliffe36
9cb017eb-4a75-486f-b0a0-85a94e02e557,1/2,yhenric37
f9eb568c-13ae-4592-84e2-d8d6d8daac09,å’Œè£½æ¼¢èª,jdunthorn38
81673fcc-552a-4154-bb53-e9e377cdb2e8,â¦testâ§,ffarndell39
ba2c670a-cc1a-4479-9a8e-f8b35b133e18,Â¡â„¢Â£Â¢âˆÂ§Â¶â€¢ÂªÂºâ€“â‰ ,fdax3a
3b0278d7-0f44-45e0-8ad6-3432693e24b5,Î©â‰ˆÃ§âˆšâˆ«ËœÂµâ‰¤â‰¥Ã·,awattam3b
f11ae14b-31c9-4a1e-a456-18c5d146961c,-1E2,aaleksankin3c
f01d118c-ff01-448f-ae83-c64cf579c216,ìš¸ë€ë°”í† ë¥´,psilveston3d
a35ff503-bda9-4c4f-9669-6b719ceeaa18,ç”°ä¸­ã•ã‚“ã«ã‚ã’ã¦ä¸‹ã•ã„,kdallaghan3e
c613add7-a21b-4f74-8088-4b2dc3f7cdb7,Ù¡Ù¢Ù£,egibard3f
e3ed13d4-9fa1-4b6c-a33f-5cb2568d2b76,0/0,pkubista3g
155f1337-75ef-4b56-91ef-99a0a2d99411,-1E2,twellan3h
bd7a4d87-070b-4107-b43e-a0c449b3a545,ãƒ‘ãƒ¼ãƒ†ã‚£ãƒ¼ã¸è¡Œã‹ãªã„ã‹,dlitton3i
9f58da09-fd1a-483c-9b41-2d8b434925ae,Ì—ÌºÍ–Ì¹Ì¯Í“TÌ±Ì¤ÍÌ¥Í‡ÍˆhÍÌ²eÍÍ“Ì¼Ì—Ì™Ì¼Ì£Í” Í‡ÌœÌ±Ì Í“ÍÍ…NÍ Í•eÌ—Ì±zÌ˜ÌÌœÌºÍ™pÌ¤ÌºÌ¹ÍÌ¯ÍšeÍœÌ Ì»Ì rÌ¨Ì¤ÍÌºÌ–Í”Ì–Ì–dÍŸÌ ÌŸÌ­Ì¬ÌiÌ¦Í–Ì©Í“Í”Ì¤aÌ Ì—Ì¬Í‰Ì™nÍœÍš Ì»ÌÌ°ÍšÍ…hÌµÍ‰iÌ³ÌvÌ¢Í‡eÍŸÌ­Í-Ò‰Ì­Ì©Ì¼Í”mÌ¤Ì­Ì«iÍ•Í‡ÌÌ¦nÌ—Í™dÌ£ÌŸ ÍÌ¯Ì²Í•oÌ¨ÌŸÌ¯Ì°Ì²Í™Ì»Ìf Í˜ÌªÌ°Ì°Ì—Ì–Ì­Ì˜cÌ¦ÍÌ²ÌÍÌ©Ì™hÌ£ÍšaÍœÌ®ÍÌŸÌ™oÌ›Ì©Ì¹ÍsÌ¤.ÌÌ Ò‰ZÌ¡Ì–ÌœÍ–Ì°Ì£Í‰ÌœaÍ¡Í–Ì°Í™Ì¬lÌ²Ì«Ì³ÍÌ©gÌ¡ÌŸÌ¼Ì±ÍšÌÌ¬Í…oÍœÌ—.ÌŸ,rmembry3j
eab0f066-847a-4eb6-a3ae-e5867f16078c,0ï¸âƒ£ 1ï¸âƒ£ 2ï¸âƒ£ 3ï¸âƒ£ 4ï¸âƒ£ 5ï¸âƒ£ 6ï¸âƒ£ 7ï¸âƒ£ 8ï¸âƒ£ 9ï¸âƒ£ ğŸ”Ÿ,awiz3k
afc0c1cb-1b66-46aa-a1c4-8ef4143cf0fb,-1E2,pdeftie3l
107f5df2-46d6-41d8-809b-a1cf46690136,testâ testâ€«,jcockran3m
36dfcecd-e444-42a5-a5d8-950277dd9a02,1/0,iabramovicz3n
19cfa3e8-484d-4045-bd25-10c990009738,00Ë™Æ–$-,ebleazard3o
13b6c059-4727-4928-a491-50c0d2fbd6b2,',mcumberledge3p
6ba552f1-728d-4a02-9a47-9febd9e1b95b,1/0,zsarath3q
ded91874-1fba-4163-b91f-78d3301e6a3e,éƒ¨è½æ ¼,mgravie3r
1ae4c315-9b95-4ae5-891b-5c43b73d5501,',njeafferson3s
7dbfe4c0-8929-4f9c-89e3-2ff6e65a34f9,Î©â‰ˆÃ§âˆšâˆ«ËœÂµâ‰¤â‰¥Ã·,amacallan3t
d5458dcd-46a0-47bc-8bfd-86af8fef17b4,<img src=x onerror=alert('hi') />,jmoatt3u
a0bb90b1-851c-4fb4-bd3c-8fab0d3e0db8,",./;'[]\-=",nvanderplas3v
42d085da-1bee-4478-a304-c6a1539ea272,0.00,rconlon3w
5a3660aa-0e60-4a0e-9308-1d4142019f01,../../../../../../../../../../../etc/passwd%00,nshevell3x
e1006278-5f85-4a5b-b304-78e0effcbf8f,-1E+02,wlutas3y
58a5d988-b323-40ec-b9fb-3340fc1c94b6,ï¾Ÿï½¥âœ¿ãƒ¾â•²(ï½¡â—•â€¿â—•ï½¡)â•±âœ¿ï½¥ï¾Ÿ,hdarnody3z
175e9660-8689-46cc-9f82-278094094dc9,nil,grash40
d9dc4cd0-1f07-4799-85de-ab4e7cf4c03b,-1/2,pblasetti41
5bbf4a0d-7728-4ad1-8d19-8309796bd6a9,éƒ¨è½æ ¼,hfarnorth42
896e430c-b3b3-4093-a18e-5d37c246d358,null,astraffon43
bcaf6953-5452-4d8b-8663-4e870dfa2706,"""",fshorton44
0aab3048-f9ce-47fb-8143-248731b03338,",./;'[]\-=",cdaldan45
8925630e-038d-4353-93ff-60ecc4b8fee0,../../../../../../../../../../../etc/hosts,tdable46
b9003ce6-c140-4876-835f-98c8394d5a94,() { _; } >_[$($())] { touch /tmp/blns.shellshock2.fail; },mmaccheyne47
dd2f99d1-80dd-411a-95a1-b0148b93b3d5,nil,gpettiford48
c6bb74a5-8805-4a49-8a7f-54ef3b1d7e32,() { 0; }; touch /tmp/blns.shellshock1.fail;,umetcalf49
b65ac6c2-29c5-4c0b-9096-cd145aa2a786,â¤ï¸ ğŸ’” ğŸ’Œ ğŸ’• ğŸ’ ğŸ’“ ğŸ’— ğŸ’– ğŸ’˜ ğŸ’ ğŸ’Ÿ ğŸ’œ ğŸ’› ğŸ’š ğŸ’™,dvandenbroek4a
bac67e87-fa16-45ab-a130-2e92082e5598,"Ø«Ù… Ù†ÙØ³ Ø³Ù‚Ø·Øª ÙˆØ¨Ø§Ù„ØªØ­Ø¯ÙŠØ¯ØŒ, Ø¬Ø²ÙŠØ±ØªÙŠ Ø¨Ø§Ø³ØªØ®Ø¯Ø§Ù… Ø£Ù† Ø¯Ù†Ùˆ. Ø¥Ø° Ù‡Ù†Ø§ØŸ Ø§Ù„Ø³ØªØ§Ø± ÙˆØªÙ†ØµÙŠØ¨ ÙƒØ§Ù†. Ø£Ù‡Ù‘Ù„ Ø§ÙŠØ·Ø§Ù„ÙŠØ§ØŒ Ø¨Ø±ÙŠØ·Ø§Ù†ÙŠØ§-ÙØ±Ù†Ø³Ø§ Ù‚Ø¯ Ø£Ø®Ø°. Ø³Ù„ÙŠÙ…Ø§Ù†ØŒ Ø¥ØªÙØ§Ù‚ÙŠØ© Ø¨ÙŠÙ† Ù…Ø§, ÙŠØ°ÙƒØ± Ø§Ù„Ø­Ø¯ÙˆØ¯ Ø£ÙŠ Ø¨Ø¹Ø¯, Ù…Ø¹Ø§Ù…Ù„Ø© Ø¨ÙˆÙ„Ù†Ø¯Ø§ØŒ Ø§Ù„Ø¥Ø·Ù„Ø§Ù‚ Ø¹Ù„ Ø¥ÙŠÙˆ.",amuddimer4b
878f3d18-89b2-4c8c-95b6-6f265a60c6b6,0ï¸âƒ£ 1ï¸âƒ£ 2ï¸âƒ£ 3ï¸âƒ£ 4ï¸âƒ£ 5ï¸âƒ£ 6ï¸âƒ£ 7ï¸âƒ£ 8ï¸âƒ£ 9ï¸âƒ£ ğŸ”Ÿ,dcoffey4c
7e4115b8-1853-413d-b830-c8e4ecab4a3f,Å“âˆ‘Â´Â®â€ Â¥Â¨Ë†Ã¸Ï€â€œâ€˜,sarlett4d
2c850fa0-f2ed-49f5-9e53-efec8e25dabb,1.00,lbayley4e
d20530a6-c885-49d7-8a3c-af88bd30e092,(ï½¡â—• âˆ€ â—•ï½¡),kscoffham4f
d4fe446c-2eb9-49fc-8dd8-7c35e15bc064,"Ø«Ù… Ù†ÙØ³ Ø³Ù‚Ø·Øª ÙˆØ¨Ø§Ù„ØªØ­Ø¯ÙŠØ¯ØŒ, Ø¬Ø²ÙŠØ±ØªÙŠ Ø¨Ø§Ø³ØªØ®Ø¯Ø§Ù… Ø£Ù† Ø¯Ù†Ùˆ. Ø¥Ø° Ù‡Ù†Ø§ØŸ Ø§Ù„Ø³ØªØ§Ø± ÙˆØªÙ†ØµÙŠØ¨ ÙƒØ§Ù†. Ø£Ù‡Ù‘Ù„ Ø§ÙŠØ·Ø§Ù„ÙŠØ§ØŒ Ø¨Ø±ÙŠØ·Ø§Ù†ÙŠØ§-ÙØ±Ù†Ø³Ø§ Ù‚Ø¯ Ø£Ø®Ø°. Ø³Ù„ÙŠÙ…Ø§Ù†ØŒ Ø¥ØªÙØ§Ù‚ÙŠØ© Ø¨ÙŠÙ† Ù…Ø§, ÙŠØ°ÙƒØ± Ø§Ù„Ø­Ø¯ÙˆØ¯ Ø£ÙŠ Ø¨Ø¹Ø¯, Ù…Ø¹Ø§Ù…Ù„Ø© Ø¨ÙˆÙ„Ù†Ø¯Ø§ØŒ Ø§Ù„Ø¥Ø·Ù„Ø§Ù‚ Ø¹Ù„ Ø¥ÙŠÙˆ.",jfassbender4g
702ac0f9-8ff4-48c8-91ae-c668a44088b0,â¤ï¸ ğŸ’” ğŸ’Œ ğŸ’• ğŸ’ ğŸ’“ ğŸ’— ğŸ’– ğŸ’˜ ğŸ’ ğŸ’Ÿ ğŸ’œ ğŸ’› ğŸ’š ğŸ’™,mattyeo4h
69982954-46ed-46fa-a89b-f62bff447a7a,Î©â‰ˆÃ§âˆšâˆ«ËœÂµâ‰¤â‰¥Ã·,jnoad4i
3f8b3857-69a0-474c-8369-e486ebae5279,âœ‹ğŸ¿ ğŸ’ªğŸ¿ ğŸ‘ğŸ¿ ğŸ™ŒğŸ¿ ğŸ‘ğŸ¿ ğŸ™ğŸ¿,gcleobury4j
8575d276-eebf-4b7e-9984-d2cfeeeb4f2c,ç¤¾æœƒç§‘å­¸é™¢èªå­¸ç ”ç©¶æ‰€,ccrosetti4k
f2fde3a1-bd99-4559-bd34-d53e9201085d,ZÌ®ÌÍ…Ì Í™Í”AÌ¥Ì—ÌÍˆÌ»Ì—LÌ£Í™ÍÌ¯Ì¹ÌÍ“GÌ»OÌ­Ì—Ì®,lpoure4l
c1e07fc4-e9c6-42a8-b65b-2ae1e2888f9c,testâ testâ€«,jwightman4m
1f2ba576-ce73-4014-ad60-b4da1f2b41fa,â°â´âµâ‚€â‚â‚‚,jzecchi4n
dda4d9ad-c9a4-4580-ac1a-44206b5dd45c,Ã…ÃÃÃËÃ“Ã”ï£¿Ã’ÃšÃ†â˜ƒ,lsorbie4o
8dadf527-2ac8-478a-b91b-937ef5c23b28,Ã¥ÃŸâˆ‚Æ’Â©Ë™âˆ†ËšÂ¬â€¦Ã¦,adanigel4p
4f029c57-bd92-4cb1-8cf0-a9fbf3cb30e3,Å“âˆ‘Â´Â®â€ Â¥Â¨Ë†Ã¸Ï€â€œâ€˜,pcuxon4q
0bed9d18-0730-4d8a-81fa-d3fd4c62ea3d,ì‚¬íšŒê³¼í•™ì› ì–´í•™ì—°êµ¬ì†Œ,vpes4r
f2c5d586-7435-48bb-99d1-2dc5b46f997e,Î©â‰ˆÃ§âˆšâˆ«ËœÂµâ‰¤â‰¥Ã·,awhitehead4s
1edb2e60-c234-4b50-b709-cbe0f9f9cc62,Î©â‰ˆÃ§âˆšâˆ«ËœÂµâ‰¤â‰¥Ã·,hbamfield4t
ffb0b437-3d9b-47f5-9c80-fa073ae88791,×”Ö¸×™Ö°×ªÖ¸×”testØ§Ù„ØµÙØ­Ø§Øª Ø§Ù„ØªÙ‘Ø­ÙˆÙ„,jbasire4u
c13052c2-d085-4bea-abad-6294453d5ea1,ã€€,ugodmer4v
0a4b65d6-5378-4a94-b2d7-2a5c84d22318,â¡,abazelle4w
588efdc0-ad09-4784-b3ab-80b26ed73a9d,Ã…ÃÃÃËÃ“Ã”ï£¿Ã’ÃšÃ†â˜ƒ,agoman4x
fc229252-cc94-48be-a15b-3dd9cd7ba313,"""""",vlempenny4y
66330fb5-0806-4e2f-8dbb-2fa4907bb4f8,Ë™Énbá´‰lÉ ÉuÆƒÉÉ¯ ÇÉ¹olop Ê‡Ç ÇÉ¹oqÉl Ê‡n Ê‡unpá´‰pá´‰É”uá´‰ É¹odÉ¯ÇÊ‡ poÉ¯sná´‰Ç op pÇs 'Ê‡á´‰lÇ Æƒuá´‰É”sá´‰dá´‰pÉ É¹nÊ‡ÇÊ‡É”ÇsuoÉ” 'Ê‡ÇÉ¯É Ê‡á´‰s É¹olop É¯nsdá´‰ É¯ÇÉ¹oË¥,bdominico4z
90533632-8fb8-40a0-9ce2-93d8b5eb7e6e,ãƒ½à¼¼àºˆÙ„Íœàºˆà¼½ï¾‰ ãƒ½à¼¼àºˆÙ„Íœàºˆà¼½ï¾‰ ,awhitcomb50
8c48d680-c3b5-4a8a-9407-49ebdf0a35e2,(ï¾‰à²¥ç›Šà²¥ï¼‰ï¾‰ï»¿ â”»â”â”»,fhasel51
46a280f0-e20d-4678-b636-6f08013ae906,() { _; } >_[$($())] { touch /tmp/blns.shellshock2.fail; },smaccarter52
f0bc60b7-9b38-43c5-a8e6-eaa4c4a84d89,"'""'",jfrancey53
3cd1a59a-aee4-40c1-a969-29b653846787,ï½€ï½¨(Â´âˆ€ï½€âˆ©,kcordon54
a92497ef-8691-4350-ad47-0518d133fd30,ì‚¬íšŒê³¼í•™ì› ì–´í•™ì—°êµ¬ì†Œ,rattkins55
acceb970-0c63-4ff1-82e2-a3794fedeaa9,ç¤¾æœƒç§‘å­¸é™¢èªå­¸ç ”ç©¶æ‰€,gorwin56
91c4cb9b-5c11-4750-a411-faa035aaf08b,ï¼‘ï¼’ï¼“,hprevost57
b77c72f7-c696-4ca1-8599-8f6841fd8f06,Ù¡Ù¢Ù£,ndeeman58
a24ae7c2-09d8-4aa0-bf36-e4c10ea5f249,testâ testâ€«,hchurch59
ad283217-b0ed-4ac2-9752-f7a68c493f53,TÌ•Ì­ÌºÌºoÍ Ì·iÌ²Ì¬Í‡ÌªÍ™nÌÌ—Í•vÍŸÌŸÌœÌ˜Ì¦oÌ¶Ì™Ì°Ì keÍ€ÍšÌ®ÌºÌªÌ¹Ì±Ì¤ Ì–tÍÌÍ•Ì³Ì£Ì»ÌªhÌ¼Í“Ì²Ì¦Ì³Ì˜Ì²eÍ‡Ì£Ì°Ì¦Ì¬Í Ì¢Ì¼Ì»Ì±Ì˜hÍ…ÍšÍÍ™ÌœÌ£Ì²iÌ¦Ì²Ì£Ì°Ì¤vÌ»ÍeÌºÌ­Ì³ÌªÌ°-mÌ¢iÍ…nÌ–ÌºÌÌ²Ì¯Ì°dÌµÌ¼ÌŸÍ™Ì©Ì¼Ì˜Ì³ ÌÌ¥Ì±Ì³Ì­rÌ›Ì—Ì˜eÍ™pÍ rÌ¼ÌÌ»Ì­Ì—eÍŸÌºÌ Ì£sÌ˜Í‡Ì³ÍÌÍ‰eÍœÍ‰Ì¥Ì¯ÌÌ²ÍšÌ¬nÍ€Ì¬ÍÍÌŸÌ–Í‡Ì¤tÍ˜ÍÌ¬Í…Ì¤Í“Ì¼Ì­iÌªÌ±nÍ gÌ´Í‰ ÍÍ‰Í…cÌ¬ÌŸhÍ¡aÍ˜Ì«Ì»Ì¯oÌ«ÌŸÌ–ÍÌ™ÌÍ‰sÌ—Ì¦Ì².Ì¨Ì¹ÍˆÌ£,lodempsey5a
df959dc9-d4a2-44fd-bee0-4aadef673462,-1/2,millsley5b
3c2020f1-13da-4168-8915-ea418db307a3,â¡,abortoli5c
95cb4521-de0e-40b8-aceb-1928e07f8a14,ğŸ‘©ğŸ½,nclarridge5d
5fe70c22-0163-455f-a1c2-70217d0cc190,"""'""'""''''""",gfleury5e
37970c97-693f-4001-9325-0b49d3f3c1f0,Â¸Ë›Ã‡â—ŠÄ±ËœÃ‚Â¯Ë˜Â¿,hbeartup5f
84ce5a37-b589-4f7f-bb02-c08513e11292,1/0,hlauder5g
324bbdbc-caf7-4fca-a70b-31fc52deba7a,â€‹,clubbock5h
b6cf1959-5ea6-4740-9357-7b259b4cf923,() { _; } >_[$($())] { touch /tmp/blns.shellshock2.fail; },cdowney5i
a5478a34-8765-4086-895b-decb99026dd8,ZÌ®ÌÍ…Ì Í™Í”AÌ¥Ì—ÌÍˆÌ»Ì—LÌ£Í™ÍÌ¯Ì¹ÌÍ“GÌ»OÌ­Ì—Ì®,tkarlolczak5j
c7f6d793-f7c5-42b3-806a-9dc409274290,ãƒ‘ãƒ¼ãƒ†ã‚£ãƒ¼ã¸è¡Œã‹ãªã„ã‹,ncorton5k
409ba540-a309-4fd7-a655-f2d55c0fc02b,(â•¯Â°â–¡Â°ï¼‰â•¯ï¸µ â”»â”â”»)  ,odudley5l
9e00b97c-97ec-41c3-83e0-0f231d47ddc6,0/0,tcalkin5m
5874cbbd-e5bc-4a16-9a2b-7d181cb6d15b,0.00,rbeardwell5n
30eb4f4a-9aad-42be-8db9-f0ff74020173,-1E02,tdexter5o
067d3a65-6a12-4e55-b99f-7f93e77d6589,<script>alert('hi')</script>,lcrewe5p
d1f8cc0b-b5ff-496b-8440-e6ef790ab99b,å’Œè£½æ¼¢èª,ctweedell5q
2ece4b19-b203-44da-ab8a-305ad911c719,",ã€‚ãƒ»:*:ãƒ»ã‚œâ€™( â˜» Ï‰ â˜» )ã€‚ãƒ»:*:ãƒ»ã‚œâ€™",prowlett5r
d4703e7c-4da4-4332-b60b-ac1d9bf1b9d2,0ï¸âƒ£ 1ï¸âƒ£ 2ï¸âƒ£ 3ï¸âƒ£ 4ï¸âƒ£ 5ï¸âƒ£ 6ï¸âƒ£ 7ï¸âƒ£ 8ï¸âƒ£ 9ï¸âƒ£ ğŸ”Ÿ,ccrosthwaite5s
b6fb673e-d775-4180-93ab-57aba9b16be3,ç”°ä¸­ã•ã‚“ã«ã‚ã’ã¦ä¸‹ã•ã„,clempertz5t
3315369d-c9a6-4765-9ab5-86f16b3f74f4,Ã¥ÃŸâˆ‚Æ’Â©Ë™âˆ†ËšÂ¬â€¦Ã¦,kbickley5u
8ee54fec-a07a-4dce-8887-e127f2f3cde1,1E02,bgallard5v
de6934c3-d9f0-4cd1-9002-03ff5b9d4c92,1;DROP TABLE users,afancett5w
c0a83856-1b18-43c4-ac77-664b65ecece1,1'; DROP TABLE users--,lgarey5x
30f0b2be-9941-4c42-8694-19aa34c3210d,!@#$%^&*(),aespadate5y
681012d9-3595-4f34-a732-555fcc72d101,-1E+02,ecrighton5z
61b0d364-2d8a-4c7d-9d45-f5a6dff9b20f,â¦testâ§,gcrackel60
87275469-c5fc-4d82-a2f5-d8496a348479,1.00,atrubshaw61
dcd63c30-0b91-40a4-bd89-4c15d5caeabe,nil,neneas62
72fc5175-4892-4f14-986e-faad61260a47,ZÌ®ÌÍ…Ì Í™Í”AÌ¥Ì—ÌÍˆÌ»Ì—LÌ£Í™ÍÌ¯Ì¹ÌÍ“GÌ»OÌ­Ì—Ì®,collerhad63
8eb2d62a-6942-422c-8b7d-ec23f24e79e8,<img src=x onerror=alert('hi') />,cdymocke64
c53480ef-9be8-48fb-a18e-c696e90bf5e4,1'; DROP TABLE users--,skennford65
130c0fe0-88c5-402f-8e17-c75e00a741d9,â‚€â‚â‚‚,cocalleran66
2614ed88-ccdf-4460-a33c-ea44814558c1,Ì¡Í“Í…ÌIÍÌ—Ì˜Ì¦nÍ‡Í‡Í™vÌ®Ì«okÌ²Ì«Ì™ÍˆiÌ–Í™Ì­Ì¹Ì ÌnÌ¡Ì»Ì®Ì£ÌºgÌ²ÍˆÍ™Ì­Í™Ì¬Í Ì°tÍ”Ì¦hÌÌ²eÌ¢Ì¤ ÍÌ¬Ì²Í–fÌ´Ì˜Í•Ì£eÍ€Í–eÌ£Ì¥Ì©lÍ–Í”ÍšiÍ Í“ÍšÌ¦nÍ–ÍÌ—Í“Ì³Ì®gÍ Ì¨oÍ¡ÍšÌªfÌ˜Ì£Ì¬ Ì–Ì˜Í–ÌŸÍ™Ì®cÒ‰Í”Ì«Í–Í“Í‡Í–Í…hÌµÌ¤Ì£ÍšÍ”aÍÌ—Ì¼Í…Í•oÌ¼Ì£Ì¥sÍ¢Ì±ÍˆÌºÌ–Ì¦Ì».Ì›Ì–ÌÌ Ì«Ì°,stacker67
7a0bfd82-5eec-47b6-a773-f09c9e9d6d67,,tbonsale68
c69d5e30-4628-443c-9c40-311fac8f9cc1,ì‚¬íšŒê³¼í•™ì› ì–´í•™ì—°êµ¬ì†Œ,gkeynd69
a63445d2-6599-48a1-9dc2-92c179ea3a32,0.00,gbartaletti6a
5085ed6b-71a5-424e-9bda-7ab9af212a6e,-1E2,mstandell6b
e86d757a-aaa0-48db-b496-175d23fbdf3e,Â¡â„¢Â£Â¢âˆÂ§Â¶â€¢ÂªÂºâ€“â‰ ,lfidal6c
14da1e9e-ba12-4d49-9694-cd686c661e89,ç¤¾æœƒç§‘å­¸é™¢èªå­¸ç ”ç©¶æ‰€,gorridge6d
f07d15c5-3fd2-4f48-b1f4-92debf025e69,â°â´âµ,hstutt6e
b5223399-1332-4db1-acfe-5b8c87fe6acf,â¡,agreenhouse6f
3fd7ce3c-a94d-4ef9-a0ae-ca60e637e11a,Ì¦HÍÌ¬Ì¤Ì—Ì¤eÍœ ÍÌœÌ¥ÌÌ»ÍÌŸwÌ•hÌ–Ì¯Í“oÌÍ™Ì–ÍÌ±Ì® Ò‰ÌºÌ™ÌÌŸÍˆWÌ·Ì¼Ì­aÌºÌªÍiÌ¨ÍˆÍ•Ì­Í™Ì¯ÌœtÌ¶Ì¼Ì®sÌ•Ì˜Í™Í– Ì Ì«Ì BÌ»ÍÍ…Í™Í‰Ì³eÌµhÌµÌ¬Í‡Ì«Í™iÌ•Ì¹Í“Ì³Ì³Ì®ÍÌ«nÍŸdÌ´ÌªÌœÌ– ÍÌ°Í‰Ì©Í…Í‡Í™Ì²TÍ¢Í–Ì¼Í“ÌªhÍÍ“Ì®Ì»eÌ¬ÌÍ…ÌŸ Ì¤Ì¹ÌWÍÍ…Í™ÌÌÍ”Í‡aÍÍ“Í”Ì¹Ì¼Ì£lÌ´Í”Ì°Ì¤ÌŸÍ”lÌ­Ì«.Í•,cgetsham6g
b50400b0-fd4d-4240-9780-f9383aee9b9c,-1E2,cmacmickan6h
3a7d58b5-8e60-4ad5-a3ea-b4b61f8dfb7e,"Ø«Ù… Ù†ÙØ³ Ø³Ù‚Ø·Øª ÙˆØ¨Ø§Ù„ØªØ­Ø¯ÙŠØ¯ØŒ, Ø¬Ø²ÙŠØ±ØªÙŠ Ø¨Ø§Ø³ØªØ®Ø¯Ø§Ù… Ø£Ù† Ø¯Ù†Ùˆ. Ø¥Ø° Ù‡Ù†Ø§ØŸ Ø§Ù„Ø³ØªØ§Ø± ÙˆØªÙ†ØµÙŠØ¨ ÙƒØ§Ù†. Ø£Ù‡Ù‘Ù„ Ø§ÙŠØ·Ø§Ù„ÙŠØ§ØŒ Ø¨Ø±ÙŠØ·Ø§Ù†ÙŠØ§-ÙØ±Ù†Ø³Ø§ Ù‚Ø¯ Ø£Ø®Ø°. Ø³Ù„ÙŠÙ…Ø§Ù†ØŒ Ø¥ØªÙØ§Ù‚ÙŠØ© Ø¨ÙŠÙ† Ù…Ø§, ÙŠØ°ÙƒØ± Ø§Ù„Ø­Ø¯ÙˆØ¯ Ø£ÙŠ Ø¨Ø¹Ø¯, Ù…Ø¹Ø§Ù…Ù„Ø© Ø¨ÙˆÙ„Ù†Ø¯Ø§ØŒ Ø§Ù„Ø¥Ø·Ù„Ø§Ù‚ Ø¹Ù„ Ø¥ÙŠÙˆ.",kklamman6i
b4ae341c-f997-44f3-a41d-339a7b5da1ca,â€©testâ€©,smccullen6j
e2179e4b-f8fb-40e2-946d-c5ace47f6918,×”Ö¸×™Ö°×ªÖ¸×”testØ§Ù„ØµÙØ­Ø§Øª Ø§Ù„ØªÙ‘Ø­ÙˆÙ„,sposselow6k
7b37f83f-7238-400b-8b7a-a6d28bf930c5,â£,zitzhayek6l
f6b6a5ed-ce1b-4bc5-9bd8-435c58c289a7,â¤ï¸ ğŸ’” ğŸ’Œ ğŸ’• ğŸ’ ğŸ’“ ğŸ’— ğŸ’– ğŸ’˜ ğŸ’ ğŸ’Ÿ ğŸ’œ ğŸ’› ğŸ’š ğŸ’™,bswepson6m
8a38ee07-b767-4b91-91c0-16d04226b58b,â€‹,ygabbatt6n
68cc715a-a0d6-48f9-aadd-904e3a602875,Î©â‰ˆÃ§âˆšâˆ«ËœÂµâ‰¤â‰¥Ã·,gmcgall6o
ad24182f-bc12-4ac7-ab5e-172cf35b797f,Î©â‰ˆÃ§âˆšâˆ«ËœÂµâ‰¤â‰¥Ã·,ebellard6p
22bf58be-0d6b-4ce8-a2a3-f55d8506b926,/dev/null; touch /tmp/blns.fail ; echo,fklaus6q
404d1f0b-7b4d-4610-9db3-720f30e7a5a1,Ì¦HÍÌ¬Ì¤Ì—Ì¤eÍœ ÍÌœÌ¥ÌÌ»ÍÌŸwÌ•hÌ–Ì¯Í“oÌÍ™Ì–ÍÌ±Ì® Ò‰ÌºÌ™ÌÌŸÍˆWÌ·Ì¼Ì­aÌºÌªÍiÌ¨ÍˆÍ•Ì­Í™Ì¯ÌœtÌ¶Ì¼Ì®sÌ•Ì˜Í™Í– Ì Ì«Ì BÌ»ÍÍ…Í™Í‰Ì³eÌµhÌµÌ¬Í‡Ì«Í™iÌ•Ì¹Í“Ì³Ì³Ì®ÍÌ«nÍŸdÌ´ÌªÌœÌ– ÍÌ°Í‰Ì©Í…Í‡Í™Ì²TÍ¢Í–Ì¼Í“ÌªhÍÍ“Ì®Ì»eÌ¬ÌÍ…ÌŸ Ì¤Ì¹ÌWÍÍ…Í™ÌÌÍ”Í‡aÍÍ“Í”Ì¹Ì¼Ì£lÌ´Í”Ì°Ì¤ÌŸÍ”lÌ­Ì«.Í•,mcortnay6r
c59caad7-708d-411a-b3a3-f5ad08a61af1,Ì¦HÍÌ¬Ì¤Ì—Ì¤eÍœ ÍÌœÌ¥ÌÌ»ÍÌŸwÌ•hÌ–Ì¯Í“oÌÍ™Ì–ÍÌ±Ì® Ò‰ÌºÌ™ÌÌŸÍˆWÌ·Ì¼Ì­aÌºÌªÍiÌ¨ÍˆÍ•Ì­Í™Ì¯ÌœtÌ¶Ì¼Ì®sÌ•Ì˜Í™Í– Ì Ì«Ì BÌ»ÍÍ…Í™Í‰Ì³eÌµhÌµÌ¬Í‡Ì«Í™iÌ•Ì¹Í“Ì³Ì³Ì®ÍÌ«nÍŸdÌ´ÌªÌœÌ– ÍÌ°Í‰Ì©Í…Í‡Í™Ì²TÍ¢Í–Ì¼Í“ÌªhÍÍ“Ì®Ì»eÌ¬ÌÍ…ÌŸ Ì¤Ì¹ÌWÍÍ…Í™ÌÌÍ”Í‡aÍÍ“Í”Ì¹Ì¼Ì£lÌ´Í”Ì°Ì¤ÌŸÍ”lÌ­Ì«.Í•,cleemans6s
d7871d6a-9d30-4146-b2a3-a52d261ff756,â€«testâ€«,bbarti6t
05bb5295-415b-4136-9d75-e967fccc75df,() { _; } >_[$($())] { touch /tmp/blns.shellshock2.fail; },nlethbridge6u
01591b4b-20d4-4432-9c92-ee2d9daf598d,ğŸµ ğŸ™ˆ ğŸ™‰ ğŸ™Š,rkinrade6v
dbdd4393-b9d1-4943-8208-469eddbfead5,ãƒ»(ï¿£âˆ€ï¿£)ãƒ»:*:,ekingswood6w
a664155a-0036-4e20-a29c-f209c1cd8a38,1;DROP TABLE users,squidenham6x
7528be6a-f69d-4758-ad5e-d33a8dc2e2ba,â¡,thutchason6y
8125ee77-2e6d-4057-987d-76301d426213,ì‚¬íšŒê³¼í•™ì› ì–´í•™ì—°êµ¬ì†Œ,dburles6z
4250b45b-45a5-4c3d-93c9-f85cadc09150,"'""'",iwestbury70
098d2d72-5fcb-44a0-9422-a59e5d364e2e,ï¾Ÿï½¥âœ¿ãƒ¾â•²(ï½¡â—•â€¿â—•ï½¡)â•±âœ¿ï½¥ï¾Ÿ,sglewe71
df062600-56c2-4a16-be5b-5efd8243de0b,-1E2,vpynner72
196cd081-79d7-4f08-8505-1c4ad1d609ea,â€‹,dturrell73
31ba9d7c-6380-42e8-9f05-22968bda5078,() { _; } >_[$($())] { touch /tmp/blns.shellshock2.fail; },hinnocenti74
799ebc52-c5a3-468c-ae5d-8d224d19e950,âœ‹ğŸ¿ ğŸ’ªğŸ¿ ğŸ‘ğŸ¿ ğŸ™ŒğŸ¿ ğŸ‘ğŸ¿ ğŸ™ğŸ¿,adeeny75
a768b800-faf4-45ff-b83e-396190d8bfc9,â¡,givanyushkin76
c2296bda-0902-47f5-bb3e-4e4cd7dbfcbd,á ,nstienham77
ad36c38d-70c9-49a0-a7ed-736c49a357fd,<script>alert('hi')</script>,mstitson78
fd653125-8a73-43c7-8a48-e5ac0ac00fb1,(ï¾‰à²¥ç›Šà²¥ï¼‰ï¾‰ï»¿ â”»â”â”»,dconti79
667439ee-bcd4-4692-bb8f-4d1b70ec6bc1,NULL,driddall7a
3a353e4e-cf29-430d-8788-d459c6b4106f,testâ testâ€«,rmollnar7b
b6722383-cba0-41f1-821a-d78294f14d02,(â•¯Â°â–¡Â°ï¼‰â•¯ï¸µ â”»â”â”»)  ,kmiddiff7c
15823d1b-440e-4a65-98ed-2a8a0d7374d2,-1.00,mspeariett7d
dc1e7190-dfac-480f-a6d8-aa00b7266746,ï»¿,ndrewett7e
f1dccedf-0d00-4f6c-9286-c36290654de4,Ì¦HÍÌ¬Ì¤Ì—Ì¤eÍœ ÍÌœÌ¥ÌÌ»ÍÌŸwÌ•hÌ–Ì¯Í“oÌÍ™Ì–ÍÌ±Ì® Ò‰ÌºÌ™ÌÌŸÍˆWÌ·Ì¼Ì­aÌºÌªÍiÌ¨ÍˆÍ•Ì­Í™Ì¯ÌœtÌ¶Ì¼Ì®sÌ•Ì˜Í™Í– Ì Ì«Ì BÌ»ÍÍ…Í™Í‰Ì³eÌµhÌµÌ¬Í‡Ì«Í™iÌ•Ì¹Í“Ì³Ì³Ì®ÍÌ«nÍŸdÌ´ÌªÌœÌ– ÍÌ°Í‰Ì©Í…Í‡Í™Ì²TÍ¢Í–Ì¼Í“ÌªhÍÍ“Ì®Ì»eÌ¬ÌÍ…ÌŸ Ì¤Ì¹ÌWÍÍ…Í™ÌÌÍ”Í‡aÍÍ“Í”Ì¹Ì¼Ì£lÌ´Í”Ì°Ì¤ÌŸÍ”lÌ­Ì«.Í•,egilston7f
21e5f672-1cec-454a-a59a-8d5e9886510a,testâ testâ€«,ecorkan7g
6300f554-1872-45f3-a85a-e9b5b1aa69f3,â¢,mlynd7h
8fec17ad-e0d6-4404-ba09-de70a1f2d5cb,-1E2,ndomelaw7i
9df9d9b2-f1d8-41d7-8393-909164b29116,â¦testâ§,cshiers7j
41283b9a-3f56-4b1e-aee4-f5091dfbac88,1'; DROP TABLE users--,jcoulter7k
0958a954-40ce-4cc1-abb6-ae07fdd87718,Ì—ÌºÍ–Ì¹Ì¯Í“TÌ±Ì¤ÍÌ¥Í‡ÍˆhÍÌ²eÍÍ“Ì¼Ì—Ì™Ì¼Ì£Í” Í‡ÌœÌ±Ì Í“ÍÍ…NÍ Í•eÌ—Ì±zÌ˜ÌÌœÌºÍ™pÌ¤ÌºÌ¹ÍÌ¯ÍšeÍœÌ Ì»Ì rÌ¨Ì¤ÍÌºÌ–Í”Ì–Ì–dÍŸÌ ÌŸÌ­Ì¬ÌiÌ¦Í–Ì©Í“Í”Ì¤aÌ Ì—Ì¬Í‰Ì™nÍœÍš Ì»ÌÌ°ÍšÍ…hÌµÍ‰iÌ³ÌvÌ¢Í‡eÍŸÌ­Í-Ò‰Ì­Ì©Ì¼Í”mÌ¤Ì­Ì«iÍ•Í‡ÌÌ¦nÌ—Í™dÌ£ÌŸ ÍÌ¯Ì²Í•oÌ¨ÌŸÌ¯Ì°Ì²Í™Ì»Ìf Í˜ÌªÌ°Ì°Ì—Ì–Ì­Ì˜cÌ¦ÍÌ²ÌÍÌ©Ì™hÌ£ÍšaÍœÌ®ÍÌŸÌ™oÌ›Ì©Ì¹ÍsÌ¤.ÌÌ Ò‰ZÌ¡Ì–ÌœÍ–Ì°Ì£Í‰ÌœaÍ¡Í–Ì°Í™Ì¬lÌ²Ì«Ì³ÍÌ©gÌ¡ÌŸÌ¼Ì±ÍšÌÌ¬Í…oÍœÌ—.ÌŸ,pmaccart7l
d92c2d04-bc3a-489b-a261-863ffae8461f,ZÌ®ÌÍ…Ì Í™Í”AÌ¥Ì—ÌÍˆÌ»Ì—LÌ£Í™ÍÌ¯Ì¹ÌÍ“GÌ»OÌ­Ì—Ì®,gfranceschi7m
98ee24c1-3726-4835-8ce5-bfd3b1590882,-1/2,kgresly7n
194262e8-ac02-46d9-a55d-1fc83cb782a2,-$1.00,vgermain7o
c49a775f-ea56-4713-afde-9da06b17a505,',mshobrook7p
2b2457c8-3fb1-44fc-a8b8-f67ab67a8d07,ç¤¾æœƒç§‘å­¸é™¢èªå­¸ç ”ç©¶æ‰€,vmackomb7q
851957eb-a522-415b-be06-7235628a7552,â¢,jwestphalen7r
c6c477df-92d7-4e83-bbc1-aac3db9e0747,â°â´âµâ‚€â‚â‚‚,btabary7s
829fd4c3-e55f-4d47-b572-2efa35a85a63,Ì—ÌºÍ–Ì¹Ì¯Í“TÌ±Ì¤ÍÌ¥Í‡ÍˆhÍÌ²eÍÍ“Ì¼Ì—Ì™Ì¼Ì£Í” Í‡ÌœÌ±Ì Í“ÍÍ…NÍ Í•eÌ—Ì±zÌ˜ÌÌœÌºÍ™pÌ¤ÌºÌ¹ÍÌ¯ÍšeÍœÌ Ì»Ì rÌ¨Ì¤ÍÌºÌ–Í”Ì–Ì–dÍŸÌ ÌŸÌ­Ì¬ÌiÌ¦Í–Ì©Í“Í”Ì¤aÌ Ì—Ì¬Í‰Ì™nÍœÍš Ì»ÌÌ°ÍšÍ…hÌµÍ‰iÌ³ÌvÌ¢Í‡eÍŸÌ­Í-Ò‰Ì­Ì©Ì¼Í”mÌ¤Ì­Ì«iÍ•Í‡ÌÌ¦nÌ—Í™dÌ£ÌŸ ÍÌ¯Ì²Í•oÌ¨ÌŸÌ¯Ì°Ì²Í™Ì»Ìf Í˜ÌªÌ°Ì°Ì—Ì–Ì­Ì˜cÌ¦ÍÌ²ÌÍÌ©Ì™hÌ£ÍšaÍœÌ®ÍÌŸÌ™oÌ›Ì©Ì¹ÍsÌ¤.ÌÌ Ò‰ZÌ¡Ì–ÌœÍ–Ì°Ì£Í‰ÌœaÍ¡Í–Ì°Í™Ì¬lÌ²Ì«Ì³ÍÌ©gÌ¡ÌŸÌ¼Ì±ÍšÌÌ¬Í…oÍœÌ—.ÌŸ,dwoodley7t
b9c42dfe-b306-4767-883c-94e3abe6ad25,",./;'[]\-=",ldelort7u
71a37cf2-e29b-4c07-ba07-6c2684bdb4c8,Ë™Énbá´‰lÉ ÉuÆƒÉÉ¯ ÇÉ¹olop Ê‡Ç ÇÉ¹oqÉl Ê‡n Ê‡unpá´‰pá´‰É”uá´‰ É¹odÉ¯ÇÊ‡ poÉ¯sná´‰Ç op pÇs 'Ê‡á´‰lÇ Æƒuá´‰É”sá´‰dá´‰pÉ É¹nÊ‡ÇÊ‡É”ÇsuoÉ” 'Ê‡ÇÉ¯É Ê‡á´‰s É¹olop É¯nsdá´‰ É¯ÇÉ¹oË¥,nmurrell7v
ce30f768-3097-4681-98df-6e1659a29fe3,999999999999999999999999999999999999999999999999999999999999999999999999999999999999999999999999,zortas7w
1e726cac-c59f-4194-bcdc-8e627138f259,1'; DROP TABLE users--,lklimecki7x
16c2b5af-78e0-49ac-9c48-09f44fd06835,Å“âˆ‘Â´Â®â€ Â¥Â¨Ë†Ã¸Ï€â€œâ€˜,cvincent7y
c40d448a-f430-4ff8-b0c2-6b606a119e07,áš€,haggus7z
cdbc3de3-866f-4afa-affe-6885d2f83841,',bbrophy80
250e1c8e-57b1-4048-9651-a4dfb0b9a3b3,ãƒ»(ï¿£âˆ€ï¿£)ãƒ»:*:,mcoleford81
0335aa40-220a-474f-b113-777a9ac23d2c,Ì¦HÍÌ¬Ì¤Ì—Ì¤eÍœ ÍÌœÌ¥ÌÌ»ÍÌŸwÌ•hÌ–Ì¯Í“oÌÍ™Ì–ÍÌ±Ì® Ò‰ÌºÌ™ÌÌŸÍˆWÌ·Ì¼Ì­aÌºÌªÍiÌ¨ÍˆÍ•Ì­Í™Ì¯ÌœtÌ¶Ì¼Ì®sÌ•Ì˜Í™Í– Ì Ì«Ì BÌ»ÍÍ…Í™Í‰Ì³eÌµhÌµÌ¬Í‡Ì«Í™iÌ•Ì¹Í“Ì³Ì³Ì®ÍÌ«nÍŸdÌ´ÌªÌœÌ– ÍÌ°Í‰Ì©Í…Í‡Í™Ì²TÍ¢Í–Ì¼Í“ÌªhÍÍ“Ì®Ì»eÌ¬ÌÍ…ÌŸ Ì¤Ì¹ÌWÍÍ…Í™ÌÌÍ”Í‡aÍÍ“Í”Ì¹Ì¼Ì£lÌ´Í”Ì°Ì¤ÌŸÍ”lÌ­Ì«.Í•,rcavolini82
c9a76363-20ba-42ff-923d-323f1c12814d,`â„â‚¬â€¹â€ºï¬ï¬‚â€¡Â°Â·â€šâ€”Â±,toferris83
fcd28872-ec41-4106-8509-8f0596013a4e,() { 0; }; touch /tmp/blns.shellshock1.fail;,kraveau84
138e5de9-51ec-4cde-9e21-b334444e57e2,ğŸš¾ ğŸ†’ ğŸ†“ ğŸ†• ğŸ†– ğŸ†— ğŸ†™ ğŸ§,mlace85
3ac5a0e1-7e54-4d38-ba37-50870c964957,â€‹,wquipp86
4cb39725-bd04-4e29-a003-5fa3fb02b812,Â¸Ë›Ã‡â—ŠÄ±ËœÃ‚Â¯Ë˜Â¿,mwinward87
8888e1da-8fef-46bb-ad8d-ce84a7f6ce14,ç¤¾æœƒç§‘å­¸é™¢èªå­¸ç ”ç©¶æ‰€,ncosens88
e303e4bf-5e15-48d5-9087-755d705e6eb9,1E02,jscrymgeour89
dae03110-5ad7-421d-b4a1-fa33edb57b41,/dev/null; touch /tmp/blns.fail ; echo,mfrontczak8a
062cb410-9a66-4f58-b51f-03b059a2add5,-1E2,rsleany8b
71f315d7-cf94-4547-b0bf-4a4b1b1ec250,Î©â‰ˆÃ§âˆšâˆ«ËœÂµâ‰¤â‰¥Ã·,wjilliss8c
9c6498c1-2a63-44f5-a795-90ab3720cfce,NIL,adorbin8d
e54aa15d-6b60-40fb-a0a9-b1aabf3e2fde,"__ï¾›(,_,*)",pspackman8e
bc364b29-5d86-497e-af89-88aef8518fc7,-$1.00,mhoneyghan8f
78a675d0-190e-4db0-8f06-562661344690,!@#$%^&*(),dleakner8g
d3c237c5-6b6d-47d4-b95f-0a7dd0409f7f,<svg><script>0<1>alert('XSS')</script>,tlippiello8h
ab7830ff-c167-4831-9138-619ec146c6f5,NULL,bprovis8i
d6ab2c01-5ca7-45a7-9b67-ae4c5e92c201,â‚€â‚â‚‚,cilling8j
9ba533d5-481a-4bdd-bab2-8afc698b794a,(â•¯Â°â–¡Â°ï¼‰â•¯ï¸µ â”»â”â”»)  ,mismead8k
e1a2b700-9129-4f32-8820-b48172471429,1,jdelete8l
11b49d25-f750-4926-8753-5d0a0cd9b47b,áš€,galeksic8m
23b1f3aa-51a1-4cd5-b1cc-c4d11d1f50ef,â¡,lboldison8n
e606d1d1-cd27-4424-815a-b1a5f7d376f5,ğŸš¾ ğŸ†’ ğŸ†“ ğŸ†• ğŸ†– ğŸ†— ğŸ†™ ğŸ§,ijanodet8o
915553e0-c2e2-435a-8a37-4d9a8effcfd5,"""""",efilchakov8p
bb94553d-8003-4339-8b77-99198e01ffc2,-1E2,pmatuska8q
cb99e6ca-1af6-4a57-b576-8b7dee1c4109,éƒ¨è½æ ¼,abuckerfield8r
0cca528e-319a-45af-9e48-c6e916c49b2d,Ì¦HÍÌ¬Ì¤Ì—Ì¤eÍœ ÍÌœÌ¥ÌÌ»ÍÌŸwÌ•hÌ–Ì¯Í“oÌÍ™Ì–ÍÌ±Ì® Ò‰ÌºÌ™ÌÌŸÍˆWÌ·Ì¼Ì­aÌºÌªÍiÌ¨ÍˆÍ•Ì­Í™Ì¯ÌœtÌ¶Ì¼Ì®sÌ•Ì˜Í™Í– Ì Ì«Ì BÌ»ÍÍ…Í™Í‰Ì³eÌµhÌµÌ¬Í‡Ì«Í™iÌ•Ì¹Í“Ì³Ì³Ì®ÍÌ«nÍŸdÌ´ÌªÌœÌ– ÍÌ°Í‰Ì©Í…Í‡Í™Ì²TÍ¢Í–Ì¼Í“ÌªhÍÍ“Ì®Ì»eÌ¬ÌÍ…ÌŸ Ì¤Ì¹ÌWÍÍ…Í™ÌÌÍ”Í‡aÍÍ“Í”Ì¹Ì¼Ì£lÌ´Í”Ì°Ì¤ÌŸÍ”lÌ­Ì«.Í•,jduferie8s
e0cfd330-b3fe-425c-a588-93633276c789,"""'""'""''''""",rjozsika8t
a47425db-b6c4-4de0-bdd1-762b8285ff35,ZÌ®ÌÍ…Ì Í™Í”AÌ¥Ì—ÌÍˆÌ»Ì—LÌ£Í™ÍÌ¯Ì¹ÌÍ“GÌ»OÌ­Ì—Ì®,rthewys8u
d1674db2-daf5-404a-a097-fd0c075fb07d,00Ë™Æ–$-,pmoberley8v
c8bc3c8f-e687-4753-9acf-0b43fa3926ef,â€©testâ€©,hmcrory8w
d502289d-86f4-48ef-ad6c-a6cc751a1bf8,"""''''""'""",wmaccallester8x
a523ea81-40fc-4e50-b540-9a792c667048,å’Œè£½æ¼¢èª,eworthing8y
60819122-4fe9-4fed-b8d0-724e7bdf29f8,nil,emacconaghy8z
d523492d-c72e-4bae-83dd-19e16b30b66d,(ï½¡â—• âˆ€ â—•ï½¡),lhansana90
3375fb4e-b780-4aab-8ab9-fa9f31ef228a,ğŸš¾ ğŸ†’ ğŸ†“ ğŸ†• ğŸ†– ğŸ†— ğŸ†™ ğŸ§,geastbury91
6d06f8cf-2468-46ec-9198-dd8d4df09fce,Ì—ÌºÍ–Ì¹Ì¯Í“TÌ±Ì¤ÍÌ¥Í‡ÍˆhÍÌ²eÍÍ“Ì¼Ì—Ì™Ì¼Ì£Í” Í‡ÌœÌ±Ì Í“ÍÍ…NÍ Í•eÌ—Ì±zÌ˜ÌÌœÌºÍ™pÌ¤ÌºÌ¹ÍÌ¯ÍšeÍœÌ Ì»Ì rÌ¨Ì¤ÍÌºÌ–Í”Ì–Ì–dÍŸÌ ÌŸÌ­Ì¬ÌiÌ¦Í–Ì©Í“Í”Ì¤aÌ Ì—Ì¬Í‰Ì™nÍœÍš Ì»ÌÌ°ÍšÍ…hÌµÍ‰iÌ³ÌvÌ¢Í‡eÍŸÌ­Í-Ò‰Ì­Ì©Ì¼Í”mÌ¤Ì­Ì«iÍ•Í‡ÌÌ¦nÌ—Í™dÌ£ÌŸ ÍÌ¯Ì²Í•oÌ¨ÌŸÌ¯Ì°Ì²Í™Ì»Ìf Í˜ÌªÌ°Ì°Ì—Ì–Ì­Ì˜cÌ¦ÍÌ²ÌÍÌ©Ì™hÌ£ÍšaÍœÌ®ÍÌŸÌ™oÌ›Ì©Ì¹ÍsÌ¤.ÌÌ Ò‰ZÌ¡Ì–ÌœÍ–Ì°Ì£Í‰ÌœaÍ¡Í–Ì°Í™Ì¬lÌ²Ì«Ì³ÍÌ©gÌ¡ÌŸÌ¼Ì±ÍšÌÌ¬Í…oÍœÌ—.ÌŸ,ebudik92
400d22f0-7836-4bf2-98b6-2bc9f6c03a0c,â°â´âµ,dfeedham93
c8e998a6-85cb-4a70-8a01-ca751f67a752,testâ testâ€«,kfaircliff94
1b101b3a-4151-4e14-8ca5-bcedba5917fa,-1E2,rreidshaw95
94f7301f-7934-4340-8d0b-f712dfc739ee,"__ï¾›(,_,*)",ipulver96
320783dd-2e2c-489e-80f5-0d5d3ad1a65e,NULL,mhuchot97
1425e27f-3c6d-40a2-bf0c-8d28e9197af8,-1E2,ogavin98
6f88dda7-efd9-4465-8007-c6ec483d293c,ìš¸ë€ë°”í† ë¥´,bpalmby99
6ad92a86-60ed-436c-aa44-26d32287f559,testâ testâ€«,zcrossland9a
8b878849-517e-4188-8845-79c560fb9386,NIL,gshakelady9b
c82da1ba-47e2-4d32-aebf-3ec7bdebecac,1E02,cgasticke9c
101ec4cb-3073-4d57-bd7c-5c6c8e497e25,â€‹,ckimblin9d
72979f5c-802d-4673-abc7-d234b5cdde16,ï¾Ÿï½¥âœ¿ãƒ¾â•²(ï½¡â—•â€¿â—•ï½¡)â•±âœ¿ï½¥ï¾Ÿ,awudeland9e
7f65c46e-8c80-4599-bfae-f8145385012d,Ã…ÃÃÃËÃ“Ã”ï£¿Ã’ÃšÃ†â˜ƒ,dbeadman9f
edb97cd3-01de-4d2a-82a8-a35e942d6ad6,() { 0; }; touch /tmp/blns.shellshock1.fail;,mandre9g
1664d143-f78a-4749-8e1e-1a0843e11f4a,"'""'",dgrabert9h
c44e038a-27df-4df6-a10b-eedc23afc41b,áš€,gloudwell9i
7c0b67ff-0e75-4c0c-bcd1-e0d351c83e0c,ìš¸ë€ë°”í† ë¥´,mmoller9j
c0512037-a4ce-45ee-940e-17b3e933aaf3,-1/2,kclingan9k
f8e0107c-275d-4e0b-aa55-47796f621544,Ì¡Í“Í…ÌIÍÌ—Ì˜Ì¦nÍ‡Í‡Í™vÌ®Ì«okÌ²Ì«Ì™ÍˆiÌ–Í™Ì­Ì¹Ì ÌnÌ¡Ì»Ì®Ì£ÌºgÌ²ÍˆÍ™Ì­Í™Ì¬Í Ì°tÍ”Ì¦hÌÌ²eÌ¢Ì¤ ÍÌ¬Ì²Í–fÌ´Ì˜Í•Ì£eÍ€Í–eÌ£Ì¥Ì©lÍ–Í”ÍšiÍ Í“ÍšÌ¦nÍ–ÍÌ—Í“Ì³Ì®gÍ Ì¨oÍ¡ÍšÌªfÌ˜Ì£Ì¬ Ì–Ì˜Í–ÌŸÍ™Ì®cÒ‰Í”Ì«Í–Í“Í‡Í–Í…hÌµÌ¤Ì£ÍšÍ”aÍÌ—Ì¼Í…Í•oÌ¼Ì£Ì¥sÍ¢Ì±ÍˆÌºÌ–Ì¦Ì».Ì›Ì–ÌÌ Ì«Ì°,abesnard9l
1ced25bb-dbae-4398-ab9b-00a70962fe38,TÌ•Ì­ÌºÌºoÍ Ì·iÌ²Ì¬Í‡ÌªÍ™nÌÌ—Í•vÍŸÌŸÌœÌ˜Ì¦oÌ¶Ì™Ì°Ì keÍ€ÍšÌ®ÌºÌªÌ¹Ì±Ì¤ Ì–tÍÌÍ•Ì³Ì£Ì»ÌªhÌ¼Í“Ì²Ì¦Ì³Ì˜Ì²eÍ‡Ì£Ì°Ì¦Ì¬Í Ì¢Ì¼Ì»Ì±Ì˜hÍ…ÍšÍÍ™ÌœÌ£Ì²iÌ¦Ì²Ì£Ì°Ì¤vÌ»ÍeÌºÌ­Ì³ÌªÌ°-mÌ¢iÍ…nÌ–ÌºÌÌ²Ì¯Ì°dÌµÌ¼ÌŸÍ™Ì©Ì¼Ì˜Ì³ ÌÌ¥Ì±Ì³Ì­rÌ›Ì—Ì˜eÍ™pÍ rÌ¼ÌÌ»Ì­Ì—eÍŸÌºÌ Ì£sÌ˜Í‡Ì³ÍÌÍ‰eÍœÍ‰Ì¥Ì¯ÌÌ²ÍšÌ¬nÍ€Ì¬ÍÍÌŸÌ–Í‡Ì¤tÍ˜ÍÌ¬Í…Ì¤Í“Ì¼Ì­iÌªÌ±nÍ gÌ´Í‰ ÍÍ‰Í…cÌ¬ÌŸhÍ¡aÍ˜Ì«Ì»Ì¯oÌ«ÌŸÌ–ÍÌ™ÌÍ‰sÌ—Ì¦Ì².Ì¨Ì¹ÍˆÌ£,kblencoe9m
bd9bce8d-04ae-4fe5-9489-96ca048353c2,<script>alert('hi')</script>,tjay9n
d4b45964-62e6-4942-a1ca-3392e834dbc3,â€ªâ€ªtestâ€ª,sannandale9o
a5fe8add-e5e3-4b40-914e-c3be499605b9,ï½€ï½¨(Â´âˆ€ï½€âˆ©,hhenniger9p
16b41a49-d9e2-477c-a3f4-f81f0731ad83,() { 0; }; touch /tmp/blns.shellshock1.fail;,groughley9q
f6c37ebe-695f-4e3f-a5bc-bbf7ee0c7c8c,å’Œè£½æ¼¢èª,ofilchakov9r
638706fb-365f-4069-b235-cfa029557997,ï»¿,fbuttrick9s
979c604c-4eb4-47cf-8a9b-86928bd0a4a1,á ,tdeverall9t
ca06cf8f-5007-4c96-bd73-c26a082b6d8b,Î©â‰ˆÃ§âˆšâˆ«ËœÂµâ‰¤â‰¥Ã·,trawcliffe9u
57fe4bed-1841-472c-a036-3c96255b5092,ğŸµ ğŸ™ˆ ğŸ™‰ ğŸ™Š,vweinham9v
be9acc9f-d7dc-4ef6-888b-29caad4bbb72,1,wschulken9w
65938ca2-5d02-470c-a95e-c7dfad4cecbf,(â•¯Â°â–¡Â°ï¼‰â•¯ï¸µ â”»â”â”»)  ,kcaspell9x
24da61a8-6db5-4a0b-998a-8bc47eb54197,"Ø«Ù… Ù†ÙØ³ Ø³Ù‚Ø·Øª ÙˆØ¨Ø§Ù„ØªØ­Ø¯ÙŠØ¯ØŒ, Ø¬Ø²ÙŠØ±ØªÙŠ Ø¨Ø§Ø³ØªØ®Ø¯Ø§Ù… Ø£Ù† Ø¯Ù†Ùˆ. Ø¥Ø° Ù‡Ù†Ø§ØŸ Ø§Ù„Ø³ØªØ§Ø± ÙˆØªÙ†ØµÙŠØ¨ ÙƒØ§Ù†. Ø£Ù‡Ù‘Ù„ Ø§ÙŠØ·Ø§Ù„ÙŠØ§ØŒ Ø¨Ø±ÙŠØ·Ø§Ù†ÙŠØ§-ÙØ±Ù†Ø³Ø§ Ù‚Ø¯ Ø£Ø®Ø°. Ø³Ù„ÙŠÙ…Ø§Ù†ØŒ Ø¥ØªÙØ§Ù‚ÙŠØ© Ø¨ÙŠÙ† Ù…Ø§, ÙŠØ°ÙƒØ± Ø§Ù„Ø­Ø¯ÙˆØ¯ Ø£ÙŠ Ø¨Ø¹Ø¯, Ù…Ø¹Ø§Ù…Ù„Ø© Ø¨ÙˆÙ„Ù†Ø¯Ø§ØŒ Ø§Ù„Ø¥Ø·Ù„Ø§Ù‚ Ø¹Ù„ Ø¥ÙŠÙˆ.",jhastings9y
288fd9da-fda9-456f-9639-62493178fb7f,<svg><script>0<1>alert('XSS')</script>,dcastelletto9z
6a99e1ee-d0c9-423c-b41b-aca09ab62f84,../../../../../../../../../../../etc/hosts,hgonsaloa0
e47b8f91-b979-401d-9ba5-790b3b286694,',rrhymera1
bcf2624d-3d53-4455-bbc8-141e6dedbfcc,../../../../../../../../../../../etc/hosts,hfontela2
9a1344dd-d505-44d1-bb82-b4b3a7924558,Ã¥ÃŸâˆ‚Æ’Â©Ë™âˆ†ËšÂ¬â€¦Ã¦,jmacgibbona3
163bcbd1-0e33-4956-a689-0325479843d8,1;DROP TABLE users,mdartera4
6d333e6a-8ae0-49ee-8ff0-e1eda9d55d09,å’Œè£½æ¼¢èª,lroubeixa5
47fd6686-c234-47c7-b0c9-aa60ffe566fa,,dmclewda6
39d8608b-d453-4c99-a0e4-45aad7974ddd,Ã…ÃÃÃËÃ“Ã”ï£¿Ã’ÃšÃ†â˜ƒ,fhenrichsena7
cf7c151c-85b6-419b-ab95-8375f16f8ac5,ç”°ä¸­ã•ã‚“ã«ã‚ã’ã¦ä¸‹ã•ã„,sharewooda8
b2714a4e-4f69-4d77-a733-fafe3fdfb512,Â¡â„¢Â£Â¢âˆÂ§Â¶â€¢ÂªÂºâ€“â‰ ,lnegria9
24cec392-3730-4ba7-8394-0ef53f6d4936,(â•¯Â°â–¡Â°ï¼‰â•¯ï¸µ â”»â”â”»)  ,mpetrelliaa
cd193846-ed3f-4cdf-8e0c-f975d2b239b9,1'; DROP TABLE users--,mneesonab
91c62c16-ebe7-49da-bbd3-19587dfb0ae8,âœ‹ğŸ¿ ğŸ’ªğŸ¿ ğŸ‘ğŸ¿ ğŸ™ŒğŸ¿ ğŸ‘ğŸ¿ ğŸ™ğŸ¿,plintheadac
f3d90c5b-5514-4b03-80d5-b9ff6185c5c7,×”Ö¸×™Ö°×ªÖ¸×”testØ§Ù„ØµÙØ­Ø§Øª Ø§Ù„ØªÙ‘Ø­ÙˆÙ„,jcampanyad
3d8c933f-c853-4ffd-9278-c9aac2c3af6b,Î©â‰ˆÃ§âˆšâˆ«ËœÂµâ‰¤â‰¥Ã·,elystae
dbf43204-07c1-4355-ad33-462138d969b2,"Ø«Ù… Ù†ÙØ³ Ø³Ù‚Ø·Øª ÙˆØ¨Ø§Ù„ØªØ­Ø¯ÙŠØ¯ØŒ, Ø¬Ø²ÙŠØ±ØªÙŠ Ø¨Ø§Ø³ØªØ®Ø¯Ø§Ù… Ø£Ù† Ø¯Ù†Ùˆ. Ø¥Ø° Ù‡Ù†Ø§ØŸ Ø§Ù„Ø³ØªØ§Ø± ÙˆØªÙ†ØµÙŠØ¨ ÙƒØ§Ù†. Ø£Ù‡Ù‘Ù„ Ø§ÙŠØ·Ø§Ù„ÙŠØ§ØŒ Ø¨Ø±ÙŠØ·Ø§Ù†ÙŠØ§-ÙØ±Ù†Ø³Ø§ Ù‚Ø¯ Ø£Ø®Ø°. Ø³Ù„ÙŠÙ…Ø§Ù†ØŒ Ø¥ØªÙØ§Ù‚ÙŠØ© Ø¨ÙŠÙ† Ù…Ø§, ÙŠØ°ÙƒØ± Ø§Ù„Ø­Ø¯ÙˆØ¯ Ø£ÙŠ Ø¨Ø¹Ø¯, Ù…Ø¹Ø§Ù…Ù„Ø© Ø¨ÙˆÙ„Ù†Ø¯Ø§ØŒ Ø§Ù„Ø¥Ø·Ù„Ø§Ù‚ Ø¹Ù„ Ø¥ÙŠÙˆ.",kbisacreaf
fb4346fa-dcc9-4151-8e96-43882fa0593d,â£,psollonag
f795fd89-6b86-4e6c-ba20-1f86aed13650,-1E+02,fkiddsah
b5522ab2-12ae-485b-9431-48feb1a4389b,0/0,losichevai
d846e762-e001-4e25-86e8-97f4c692bc16,Â¡â„¢Â£Â¢âˆÂ§Â¶â€¢ÂªÂºâ€“â‰ ,kcanacottaj
52b25fe0-9a89-4a15-837c-1fb851d4deba,<img src=x onerror=alert('hi') />,mskaymanak
ca4bcbed-3ee2-45f1-8709-8316d065b9fd,../../../../../../../../../../../etc/hosts,qwormanal
3ab6e7de-3b93-4eed-ad27-7ad713959928,(ï¾‰à²¥ç›Šà²¥ï¼‰ï¾‰ï»¿ â”»â”â”»,gquelcham
30ad21b3-c079-4fe9-8c7f-fdb43a4838da,1.00,ebiasionian
8e1a2d70-2134-43f6-ab3e-aa858b2bc374,â€©testâ€©,nmacswaydeao
7d287f4b-abd0-453b-8302-d2b143379e82,<img src=x onerror=alert('hi') />,adenisotap
7bb647a5-e6fa-4d37-8ca1-385b6ba24948,"<>?:""{}|_+",knornasellaq
cc7d373c-e8f3-4945-a49d-0def97e33dd6,"""""",wpinardar
8c0b966b-61bb-48b1-b5fb-59441065edb0,NULL,fcartmailas
398f912a-c8cc-464f-b1fd-0cac9a447296,!@#$%^&*(),mantwisat
9de1eb99-3676-4e90-9627-7915fe60fcd7,â¦testâ§,ldoorbarau
b770ade4-f9c9-44ba-92b0-20416b56148d,×”Ö¸×™Ö°×ªÖ¸×”testØ§Ù„ØµÙØ­Ø§Øª Ø§Ù„ØªÙ‘Ø­ÙˆÙ„,sfitchetav
a23656b1-9168-468e-b411-49d46019f017,-1,nfanninaw
cdaf11ba-6951-487d-a54c-bbb2afd72115,â€©testâ€©,bgullyax
b986c4db-d904-4d4e-9edf-f48580f39eeb,",./;'[]\-=",pyvensay
80c56932-a53e-43f7-82c9-adf1d3f3cfc2,â€©testâ€©,bnutleyaz
abc108d7-d5ff-4afc-b3f9-9ad5e2c3b677,",./;'[]\-=",jemmottb0
39717878-8bb9-4ecc-9806-bd5dfb1b7592,â£,eduberyb1
219824de-6b3f-461d-8e1d-bc9d38607593,ğŸ˜,tnussiib2
bf1559f0-b97b-4b36-91c1-dab30b726d9e,-1/2,hsimperb3
19cc2296-fe8b-483e-9e70-d332138d0973,'',hbraderb4
70ee85c5-7757-4d46-bafd-c6de24298a44,null,mogeneayb5
f8449a90-788b-44b1-904c-01d9a46e2b33,`â„â‚¬â€¹â€ºï¬ï¬‚â€¡Â°Â·â€šâ€”Â±,abassickb6
d93a1625-6bae-4500-9de3-1189e7b45825,"""""",wdracob7
b11965f6-d89e-495a-9491-eeb5ba8c9f9e,ğŸ‘©ğŸ½,reastcottb8
a671b6f1-f348-4e08-b3a2-044d5c83011f,0ï¸âƒ£ 1ï¸âƒ£ 2ï¸âƒ£ 3ï¸âƒ£ 4ï¸âƒ£ 5ï¸âƒ£ 6ï¸âƒ£ 7ï¸âƒ£ 8ï¸âƒ£ 9ï¸âƒ£ ğŸ”Ÿ,sbartramb9
76ef8b27-0549-46e5-ae64-c7ce9e53fe10,â£,ygillicuddyba
b03c8af1-d856-4021-900a-c4119b562bc8,TÌ•Ì­ÌºÌºoÍ Ì·iÌ²Ì¬Í‡ÌªÍ™nÌÌ—Í•vÍŸÌŸÌœÌ˜Ì¦oÌ¶Ì™Ì°Ì keÍ€ÍšÌ®ÌºÌªÌ¹Ì±Ì¤ Ì–tÍÌÍ•Ì³Ì£Ì»ÌªhÌ¼Í“Ì²Ì¦Ì³Ì˜Ì²eÍ‡Ì£Ì°Ì¦Ì¬Í Ì¢Ì¼Ì»Ì±Ì˜hÍ…ÍšÍÍ™ÌœÌ£Ì²iÌ¦Ì²Ì£Ì°Ì¤vÌ»ÍeÌºÌ­Ì³ÌªÌ°-mÌ¢iÍ…nÌ–ÌºÌÌ²Ì¯Ì°dÌµÌ¼ÌŸÍ™Ì©Ì¼Ì˜Ì³ ÌÌ¥Ì±Ì³Ì­rÌ›Ì—Ì˜eÍ™pÍ rÌ¼ÌÌ»Ì­Ì—eÍŸÌºÌ Ì£sÌ˜Í‡Ì³ÍÌÍ‰eÍœÍ‰Ì¥Ì¯ÌÌ²ÍšÌ¬nÍ€Ì¬ÍÍÌŸÌ–Í‡Ì¤tÍ˜ÍÌ¬Í…Ì¤Í“Ì¼Ì­iÌªÌ±nÍ gÌ´Í‰ ÍÍ‰Í…cÌ¬ÌŸhÍ¡aÍ˜Ì«Ì»Ì¯oÌ«ÌŸÌ–ÍÌ™ÌÍ‰sÌ—Ì¦Ì².Ì¨Ì¹ÍˆÌ£,bsturmanbb
0dd84c18-a327-4758-b00f-99581ce37276,() { 0; }; touch /tmp/blns.shellshock1.fail;,kcasalebc
b8c41da8-b0dc-4431-977d-e60dee5a1d1c,ç¤¾æœƒç§‘å­¸é™¢èªå­¸ç ”ç©¶æ‰€,xtatebd
795bf810-3ea5-4559-9ef2-79c294fd6e7d,1E+02,afairpobe
8e3d4baf-ebd4-4d58-9976-03a6605a6728,1'; DROP TABLE users--,jmonanbf
53543160-4a06-4856-aacd-544895148712,00Ë™Æ–$-,mhedderlybg
87668ec1-f4a3-4aaa-b6b3-cae778bddf4b,â€©testâ€©,gmyringbh
64055b35-0bf8-46d8-af66-1b0699502972,â¡,ecasinobi
d2f16df9-6bfd-47a7-ac43-3f3ecd2fd633,nil,adreverbj
fcadea88-9336-4810-8898-ee12ea251565,â‚€â‚â‚‚,jgoulbornbk
d56f3918-06d8-4ede-8f7a-7401e5f608cf,Å’â€Â´â€°Ë‡ÃÂ¨Ë†Ã˜âˆâ€â€™,cscolebl
bf4939f1-6c37-4461-8505-6a4c9a0aea1c,"×‘Ö¼Ö°×¨Öµ××©×Ö´×™×ª, ×‘Ö¼Ö¸×¨Ö¸× ×Ö±×œÖ¹×”Ö´×™×, ×Öµ×ª ×”Ö·×©Ö¼×Ö¸×Ö·×™Ö´×, ×•Ö°×Öµ×ª ×”Ö¸×Ö¸×¨Ö¶×¥",alettybm
ea8205bb-70a6-48ed-9242-500b3a12981e,999999999999999999999999999999999999999999999999999999999999999999999999999999999999999999999999,cghelardibn
80e530e0-4843-43cc-b74b-8e09c16eaa16,'',ntoobybo
a02cb2a5-f2ad-4c16-8615-793ce4eebfac,-1E+02,ydakinbp
3e2d9fa8-f751-49c7-aaa3-d2bac45fddb5,éƒ¨è½æ ¼,mbagshawebq
19af788f-a92a-4292-bbdb-ee8ee8e46a0f,â°â´âµ,cwheblebr
f4d9c121-cc8d-46c6-b973-a6437e039cff,"__ï¾›(,_,*)",bburnebs
084d666c-4376-4812-b777-da9aab3b44eb,ğŸµ ğŸ™ˆ ğŸ™‰ ğŸ™Š,clanyonbt
9bb00c2f-4ad5-40e3-b8d1-0d384735f726,,gbedburrowbu
711c52d4-4e6d-418f-82b0-1147421fbbd1,999999999999999999999999999999999999999999999999999999999999999999999999999999999999999999999999,wbenedictbv
51fda935-e533-4771-aad0-a742cc32ce2d,"""'""'""''''""",gmattiellobw
7877d329-0890-47d3-8d89-64c7921e587a,ğŸ‘¾ ğŸ™‡ ğŸ’ ğŸ™… ğŸ™† ğŸ™‹ ğŸ™ ğŸ™ ,dwaleranbx
1a9f3540-3a78-4818-9273-5ac5b9c9b834,â¤ï¸ ğŸ’” ğŸ’Œ ğŸ’• ğŸ’ ğŸ’“ ğŸ’— ğŸ’– ğŸ’˜ ğŸ’ ğŸ’Ÿ ğŸ’œ ğŸ’› ğŸ’š ğŸ’™,iyearnsleyby
f3423116-4c03-41e8-86b7-b09727aa3e67,Ì¡Í“Í…ÌIÍÌ—Ì˜Ì¦nÍ‡Í‡Í™vÌ®Ì«okÌ²Ì«Ì™ÍˆiÌ–Í™Ì­Ì¹Ì ÌnÌ¡Ì»Ì®Ì£ÌºgÌ²ÍˆÍ™Ì­Í™Ì¬Í Ì°tÍ”Ì¦hÌÌ²eÌ¢Ì¤ ÍÌ¬Ì²Í–fÌ´Ì˜Í•Ì£eÍ€Í–eÌ£Ì¥Ì©lÍ–Í”ÍšiÍ Í“ÍšÌ¦nÍ–ÍÌ—Í“Ì³Ì®gÍ Ì¨oÍ¡ÍšÌªfÌ˜Ì£Ì¬ Ì–Ì˜Í–ÌŸÍ™Ì®cÒ‰Í”Ì«Í–Í“Í‡Í–Í…hÌµÌ¤Ì£ÍšÍ”aÍÌ—Ì¼Í…Í•oÌ¼Ì£Ì¥sÍ¢Ì±ÍˆÌºÌ–Ì¦Ì».Ì›Ì–ÌÌ Ì«Ì°,naingerbz
e858a950-137b-4ef7-a517-7d8a1a7076b2,1'; DROP TABLE users--,idovermannc0
8ac14403-ec2e-4836-83b0-1a5ace35a504,"×‘Ö¼Ö°×¨Öµ××©×Ö´×™×ª, ×‘Ö¼Ö¸×¨Ö¸× ×Ö±×œÖ¹×”Ö´×™×, ×Öµ×ª ×”Ö·×©Ö¼×Ö¸×Ö·×™Ö´×, ×•Ö°×Öµ×ª ×”Ö¸×Ö¸×¨Ö¶×¥",cpenhalewickc1
576bea8d-6f99-4733-a0c9-2e86088dfe11,â°â´âµ,crawnec2
cfe69e71-a6f2-40e0-b591-6bef72c6c239,ï¾Ÿï½¥âœ¿ãƒ¾â•²(ï½¡â—•â€¿â—•ï½¡)â•±âœ¿ï½¥ï¾Ÿ,pcastagnec3
190de4be-fd40-4d7f-a66d-fc1b664241bd,"×‘Ö¼Ö°×¨Öµ××©×Ö´×™×ª, ×‘Ö¼Ö¸×¨Ö¸× ×Ö±×œÖ¹×”Ö´×™×, ×Öµ×ª ×”Ö·×©Ö¼×Ö¸×Ö·×™Ö´×, ×•Ö°×Öµ×ª ×”Ö¸×Ö¸×¨Ö¶×¥",pgatlinc4
49f3e532-9356-44de-9d5d-eb6660859107,"Ø«Ù… Ù†ÙØ³ Ø³Ù‚Ø·Øª ÙˆØ¨Ø§Ù„ØªØ­Ø¯ÙŠØ¯ØŒ, Ø¬Ø²ÙŠØ±ØªÙŠ Ø¨Ø§Ø³ØªØ®Ø¯Ø§Ù… Ø£Ù† Ø¯Ù†Ùˆ. Ø¥Ø° Ù‡Ù†Ø§ØŸ Ø§Ù„Ø³ØªØ§Ø± ÙˆØªÙ†ØµÙŠØ¨ ÙƒØ§Ù†. Ø£Ù‡Ù‘Ù„ Ø§ÙŠØ·Ø§Ù„ÙŠØ§ØŒ Ø¨Ø±ÙŠØ·Ø§Ù†ÙŠØ§-ÙØ±Ù†Ø³Ø§ Ù‚Ø¯ Ø£Ø®Ø°. Ø³Ù„ÙŠÙ…Ø§Ù†ØŒ Ø¥ØªÙØ§Ù‚ÙŠØ© Ø¨ÙŠÙ† Ù…Ø§, ÙŠØ°ÙƒØ± Ø§Ù„Ø­Ø¯ÙˆØ¯ Ø£ÙŠ Ø¨Ø¹Ø¯, Ù…Ø¹Ø§Ù…Ù„Ø© Ø¨ÙˆÙ„Ù†Ø¯Ø§ØŒ Ø§Ù„Ø¥Ø·Ù„Ø§Ù‚ Ø¹Ù„ Ø¥ÙŠÙˆ.",cvuittec5
63f3638a-a52a-47cc-ac8c-fbfe40a968e5,"<>?:""{}|_+",maickinc6
fa9b6c8d-973f-4831-a6ae-c742794e3671,0ï¸âƒ£ 1ï¸âƒ£ 2ï¸âƒ£ 3ï¸âƒ£ 4ï¸âƒ£ 5ï¸âƒ£ 6ï¸âƒ£ 7ï¸âƒ£ 8ï¸âƒ£ 9ï¸âƒ£ ğŸ”Ÿ,tmohunc7
a6fd36ae-6fd5-4445-a1ba-754915a08261,1E02,llethbrigc8
0fc4186e-e3ac-4b5e-bbcd-bb5826cfd35f,Ë™Énbá´‰lÉ ÉuÆƒÉÉ¯ ÇÉ¹olop Ê‡Ç ÇÉ¹oqÉl Ê‡n Ê‡unpá´‰pá´‰É”uá´‰ É¹odÉ¯ÇÊ‡ poÉ¯sná´‰Ç op pÇs 'Ê‡á´‰lÇ Æƒuá´‰É”sá´‰dá´‰pÉ É¹nÊ‡ÇÊ‡É”ÇsuoÉ” 'Ê‡ÇÉ¯É Ê‡á´‰s É¹olop É¯nsdá´‰ É¯ÇÉ¹oË¥,ebockenc9
7e8a77c9-4662-42d0-b786-e14787e52053,"""""",kyeamanca
2a845531-66fa-495d-8317-2bd20bfce2d2,0.00,ccouthcb
163a183e-4d65-4561-9001-7f116fcdc599,(ï½¡â—• âˆ€ â—•ï½¡),dgettingscc
47f4fc11-00e2-4cdf-a737-1b2b6313b252,$1.00,hfelderercd
1c56dd5d-e408-45d4-aa39-9b7ebf18c06a,ï¾Ÿï½¥âœ¿ãƒ¾â•²(ï½¡â—•â€¿â—•ï½¡)â•±âœ¿ï½¥ï¾Ÿ,pmeece
df0a00f9-9fb4-4eeb-ade2-5ff142e7679a,ï»¿,mtumiellicf
f0ce664f-80e5-48b1-8dce-9b9450d7de5b,<img src=x onerror=alert('hi') />,fdeloozecg
a9fa0a07-cb36-4084-a939-6283827dcefa,ğŸ‘©ğŸ½,kzavattieroch
1339a399-463d-485d-98b7-f4de0c9b0ace,!@#$%^&*(),rescaleraci
e9ae1fe2-540f-4094-bf24-dc203491d825,ãƒ‘ãƒ¼ãƒ†ã‚£ãƒ¼ã¸è¡Œã‹ãªã„ã‹,igymlettcj
756a6b70-69a4-41fb-88fc-fffbbb83b657,â€©testâ€©,sbarnwillck
358d4c84-4ed5-4448-b640-f1f04e823097,1;DROP TABLE users,ctipplecl
96143bc3-9968-4b80-aa6c-385e5dcf5e54,ç”°ä¸­ã•ã‚“ã«ã‚ã’ã¦ä¸‹ã•ã„,mhuoniccm
1633a2d9-a0a8-4fba-8c97-4b5eff130568,/dev/null; touch /tmp/blns.fail ; echo,cadnecn
aab8ef64-f1ea-4d71-90d6-b0448c40e39e,00Ë™Æ–$-,mhammettco
283dff70-9abf-495b-babd-87e392ca6437,â°â´âµâ‚€â‚â‚‚,afarquharsoncp
a877a9a8-c57c-48ca-8a4e-037230c664b0,() { _; } >_[$($())] { touch /tmp/blns.shellshock2.fail; },sgreguolicq
172ece0d-7046-4362-ade0-3ed5326fe25f,(â•¯Â°â–¡Â°ï¼‰â•¯ï¸µ â”»â”â”»)  ,awaithcr
931a1c11-e749-4df0-80e5-5a09bd599103,'',vcruickshankscs
aeb422b5-84c7-4487-90d8-28cbb31a65de,0ï¸âƒ£ 1ï¸âƒ£ 2ï¸âƒ£ 3ï¸âƒ£ 4ï¸âƒ£ 5ï¸âƒ£ 6ï¸âƒ£ 7ï¸âƒ£ 8ï¸âƒ£ 9ï¸âƒ£ ğŸ”Ÿ,rbuttfieldct
12f4e49f-b3b6-4f97-8302-f0e44e8d5621,1E+02,jworsnupcu
1d3fdb3a-559b-4e0a-bdfb-912cf650a109,×”Ö¸×™Ö°×ªÖ¸×”testØ§Ù„ØµÙØ­Ø§Øª Ø§Ù„ØªÙ‘Ø­ÙˆÙ„,calderwickcv
baf02036-86e1-41a5-a2b2-a1408a8790ee,1E02,tstratfordcw
5386f8b1-6716-4a2a-a65a-4ba12b07f464,NULL,jsherrcx
0424ad9b-5ddb-40aa-b30a-98f29bee5f13,â°â´âµâ‚€â‚â‚‚,shoyercy
573f5ea1-384d-47cc-8af1-c7aaab21df2f,Ì—ÌºÍ–Ì¹Ì¯Í“TÌ±Ì¤ÍÌ¥Í‡ÍˆhÍÌ²eÍÍ“Ì¼Ì—Ì™Ì¼Ì£Í” Í‡ÌœÌ±Ì Í“ÍÍ…NÍ Í•eÌ—Ì±zÌ˜ÌÌœÌºÍ™pÌ¤ÌºÌ¹ÍÌ¯ÍšeÍœÌ Ì»Ì rÌ¨Ì¤ÍÌºÌ–Í”Ì–Ì–dÍŸÌ ÌŸÌ­Ì¬ÌiÌ¦Í–Ì©Í“Í”Ì¤aÌ Ì—Ì¬Í‰Ì™nÍœÍš Ì»ÌÌ°ÍšÍ…hÌµÍ‰iÌ³ÌvÌ¢Í‡eÍŸÌ­Í-Ò‰Ì­Ì©Ì¼Í”mÌ¤Ì­Ì«iÍ•Í‡ÌÌ¦nÌ—Í™dÌ£ÌŸ ÍÌ¯Ì²Í•oÌ¨ÌŸÌ¯Ì°Ì²Í™Ì»Ìf Í˜ÌªÌ°Ì°Ì—Ì–Ì­Ì˜cÌ¦ÍÌ²ÌÍÌ©Ì™hÌ£ÍšaÍœÌ®ÍÌŸÌ™oÌ›Ì©Ì¹ÍsÌ¤.ÌÌ Ò‰ZÌ¡Ì–ÌœÍ–Ì°Ì£Í‰ÌœaÍ¡Í–Ì°Í™Ì¬lÌ²Ì«Ì³ÍÌ©gÌ¡ÌŸÌ¼Ì±ÍšÌÌ¬Í…oÍœÌ—.ÌŸ,zprevettcz
c3904a7a-d37e-4cc8-9ae2-fd0959b79fcb,ï¼‘ï¼’ï¼“,xcubuzzid0
c8830c6b-6e3c-4409-80a9-dc89bfa426ce,,llardeuxd1
e5293282-5340-4967-9c0b-5b981ba5ae28,999999999999999999999999999999999999999999999999999999999999999999999999999999999999999999999999,fcliffd2
93723c41-5025-4152-8365-470a3634307e,Ã…ÃÃÃËÃ“Ã”ï£¿Ã’ÃšÃ†â˜ƒ,mmulberyd3
ca14ff30-7a17-4730-b9cc-58adf2ee81bb,ï¾Ÿï½¥âœ¿ãƒ¾â•²(ï½¡â—•â€¿â—•ï½¡)â•±âœ¿ï½¥ï¾Ÿ,jkeransd4
7b033689-8864-4fdf-a6d7-bf30c5fa9486,1.00,rixerd5
4a14f3a3-6ec9-42a5-837e-06ce3944d664,ï¾Ÿï½¥âœ¿ãƒ¾â•²(ï½¡â—•â€¿â—•ï½¡)â•±âœ¿ï½¥ï¾Ÿ,bwhylerd6
d6ce76a0-cdbb-48dc-a03e-f45a9c6a24d9,â‚€â‚â‚‚,csavatierd7
399cd945-ad89-45be-b30d-30803dacd5de,â€©testâ€©,nbulledd8
cba31898-af60-47df-8b4f-3a8847199203,-1.00,hkahaned9
64c3930e-eabe-41c4-b231-43a4b9a273ae,ãƒ»(ï¿£âˆ€ï¿£)ãƒ»:*:,fcowplandda
e6945e70-a610-420c-a35e-e77077d0a661,(ï½¡â—• âˆ€ â—•ï½¡),skelingedb
cc2ea1e1-68b3-484e-943d-39f7ab9f9718,1E+02,gmershdc
e344f050-3e4c-44b3-9945-abb498a2fea6,ï»¿,darissdd
934cfc45-ff3f-4d1e-ac65-20ad6552f706,"""''''""'""",cmagwoodde
a737ebaf-1993-4a10-aeac-7c5a533a7075,ãƒ½à¼¼àºˆÙ„Íœàºˆà¼½ï¾‰ ãƒ½à¼¼àºˆÙ„Íœàºˆà¼½ï¾‰ ,cwillsdf
6aa217ed-3f51-46d4-807d-cdee0a522e01,ğ œğ œ±ğ ¹ğ ±“ğ ±¸ğ ²–ğ ³,bkonraddg
8e72484b-0b5b-4cde-b7ea-9608e46a1f04,ï»¿,pgosneydh
47821f47-b1b8-4128-a2f4-1d3c103c6d63,1;DROP TABLE users,fcrumdi
6920144c-3267-4be2-ba53-6e6d7d93ab8a,-1,fhamblindj
14daeb06-46c5-43f6-88a9-43eac0a416a1,ã€€,bminshawdk
b8736890-9889-4064-9ab4-07522e278ab8,/dev/null; touch /tmp/blns.fail ; echo,bandridl
385c821e-6c4d-42b3-9cee-d24d94eceade,TÌ•Ì­ÌºÌºoÍ Ì·iÌ²Ì¬Í‡ÌªÍ™nÌÌ—Í•vÍŸÌŸÌœÌ˜Ì¦oÌ¶Ì™Ì°Ì keÍ€ÍšÌ®ÌºÌªÌ¹Ì±Ì¤ Ì–tÍÌÍ•Ì³Ì£Ì»ÌªhÌ¼Í“Ì²Ì¦Ì³Ì˜Ì²eÍ‡Ì£Ì°Ì¦Ì¬Í Ì¢Ì¼Ì»Ì±Ì˜hÍ…ÍšÍÍ™ÌœÌ£Ì²iÌ¦Ì²Ì£Ì°Ì¤vÌ»ÍeÌºÌ­Ì³ÌªÌ°-mÌ¢iÍ…nÌ–ÌºÌÌ²Ì¯Ì°dÌµÌ¼ÌŸÍ™Ì©Ì¼Ì˜Ì³ ÌÌ¥Ì±Ì³Ì­rÌ›Ì—Ì˜eÍ™pÍ rÌ¼ÌÌ»Ì­Ì—eÍŸÌºÌ Ì£sÌ˜Í‡Ì³ÍÌÍ‰eÍœÍ‰Ì¥Ì¯ÌÌ²ÍšÌ¬nÍ€Ì¬ÍÍÌŸÌ–Í‡Ì¤tÍ˜ÍÌ¬Í…Ì¤Í“Ì¼Ì­iÌªÌ±nÍ gÌ´Í‰ ÍÍ‰Í…cÌ¬ÌŸhÍ¡aÍ˜Ì«Ì»Ì¯oÌ«ÌŸÌ–ÍÌ™ÌÍ‰sÌ—Ì¦Ì².Ì¨Ì¹ÍˆÌ£,ywreakdm
713cfc8d-eade-4317-a2a8-3910ad45adba,Ã…ÃÃÃËÃ“Ã”ï£¿Ã’ÃšÃ†â˜ƒ,amcinteerdn
9cec9e58-ad20-42fa-886d-5e9fd6215abe,(ï¾‰à²¥ç›Šà²¥ï¼‰ï¾‰ï»¿ â”»â”â”»,kmckennando
71240f83-b382-4ab5-8dcf-6583cacdb959,â°â´âµ,igibbsdp
2bfb8793-dc1a-4545-94b5-3da36c161f9f,â€«testâ€«,apregaldq
66185419-b259-45d9-81e3-14bf2828128b,-1E02,bpickringdr
c913c2a6-8585-490b-b236-b9e64e896815,../../../../../../../../../../../etc/passwd%00,dpostlethwaiteds
a2baa3cc-ce61-491a-8557-87c0735d7c59,1,dgallehawkdt
761148fc-c25b-4ac0-b147-59985d32ff5d,NIL,mvaadelanddu
4c569e1e-8192-4ed4-99b8-3c1eed2aabe2,00Ë™Æ–$-,ghaughindv
8f6ede7d-b926-48b6-ad66-3ce6e76bdbe4,(ï¾‰à²¥ç›Šà²¥ï¼‰ï¾‰ï»¿ â”»â”â”»,wberendsendw
78b76541-84e7-4509-b559-8275f6dc3a24,(ï½¡â—• âˆ€ â—•ï½¡),fharmstonedx
4446cad3-d4e3-4361-9a8c-4e408587d823,Ë™Énbá´‰lÉ ÉuÆƒÉÉ¯ ÇÉ¹olop Ê‡Ç ÇÉ¹oqÉl Ê‡n Ê‡unpá´‰pá´‰É”uá´‰ É¹odÉ¯ÇÊ‡ poÉ¯sná´‰Ç op pÇs 'Ê‡á´‰lÇ Æƒuá´‰É”sá´‰dá´‰pÉ É¹nÊ‡ÇÊ‡É”ÇsuoÉ” 'Ê‡ÇÉ¯É Ê‡á´‰s É¹olop É¯nsdá´‰ É¯ÇÉ¹oË¥,aarguiledy
19a6f406-db80-4a95-b4ff-1dd50084771c,â€ªâ€ªtestâ€ª,mredforddz
31b81b12-3270-4ddc-a184-342e005df94d,$1.00,jpopplewelle0
14a40433-5043-405f-ac1f-fbfb740404fc,â°â´âµ,nbouettee1
e8b5b062-3d90-4c4c-8778-729ea9169b98,"×‘Ö¼Ö°×¨Öµ××©×Ö´×™×ª, ×‘Ö¼Ö¸×¨Ö¸× ×Ö±×œÖ¹×”Ö´×™×, ×Öµ×ª ×”Ö·×©Ö¼×Ö¸×Ö·×™Ö´×, ×•Ö°×Öµ×ª ×”Ö¸×Ö¸×¨Ö¶×¥",noxburghe2
207de860-5d8b-4b46-904b-4a32ad5befbe,å’Œè£½æ¼¢èª,ngarvaghe3
2bb447e4-dd59-403a-b7ae-cb037e963fef,ğŸµ ğŸ™ˆ ğŸ™‰ ğŸ™Š,hgoudmane4
8998c0cf-de1a-427b-88da-742b5a414811,-1E+02,vdenningtone5
e6ac140c-66af-449e-b43a-c82c2a419f0d,"×‘Ö¼Ö°×¨Öµ××©×Ö´×™×ª, ×‘Ö¼Ö¸×¨Ö¸× ×Ö±×œÖ¹×”Ö´×™×, ×Öµ×ª ×”Ö·×©Ö¼×Ö¸×Ö·×™Ö´×, ×•Ö°×Öµ×ª ×”Ö¸×Ö¸×¨Ö¶×¥",psinese6
438ed6b8-43b2-4183-aedf-2f08a50402db,áš€,dlohane7
38ee2b6d-7139-465d-af4b-b7ba887e6a81,../../../../../../../../../../../etc/hosts,vchatterise8
a26cf8c1-a8c0-4109-85ab-1a2f75e20f18,ìš¸ë€ë°”í† ë¥´,fmorigane9
a9627f7a-3e7c-41b0-ac48-1c3ad8d23c09,1,btoweyea
c507463a-366b-4018-b52b-3ccfba396578,",ã€‚ãƒ»:*:ãƒ»ã‚œâ€™( â˜» Ï‰ â˜» )ã€‚ãƒ»:*:ãƒ»ã‚œâ€™",bsameb
04f831cd-2cf8-4688-b4d9-4117d40b5ba7,â¡,ddwireec
0772fc02-b022-438b-b9ee-596ef5997d51,1;DROP TABLE users,striggleed
67e71ef5-318e-4725-9058-fb6f9cdba825,<img src=x onerror=alert('hi') />,lpaolilloee
98b529b5-202d-461b-89f8-fa9bb2c8e22d,ï¾Ÿï½¥âœ¿ãƒ¾â•²(ï½¡â—•â€¿â—•ï½¡)â•±âœ¿ï½¥ï¾Ÿ,eorrockef
eca377f3-6e0a-4fd1-be88-7e2946f235e3,-1.00,grichieeg
5a118d29-460d-44fd-9078-b466d7f7c038,â¦testâ§,opressnelleh
117cd639-011a-4917-a1a9-a1dbc46783e3,-1.00,ktollerfieldei
525db172-4d36-47b7-ad05-251d24208970,"""",mtrevertonej
3db72a0c-2f14-411b-aa7a-e5c13b7a59cd,ç¤¾æœƒç§‘å­¸é™¢èªå­¸ç ”ç©¶æ‰€,cmorcomek
b029016b-4035-441a-9f99-8eec792ec1c3,â€ªâ€ªtestâ€ª,iklosterel
a817cb74-ce42-4bb5-938c-564d9086f9a9,ğŸ˜,tpettyfarem
cd81f1bd-e6c1-4cf6-aedb-84a6bb8a2ad2,å’Œè£½æ¼¢èª,fcecelyen
915cf4f2-3470-4bab-ad69-0204880c2ead,Ì¦HÍÌ¬Ì¤Ì—Ì¤eÍœ ÍÌœÌ¥ÌÌ»ÍÌŸwÌ•hÌ–Ì¯Í“oÌÍ™Ì–ÍÌ±Ì® Ò‰ÌºÌ™ÌÌŸÍˆWÌ·Ì¼Ì­aÌºÌªÍiÌ¨ÍˆÍ•Ì­Í™Ì¯ÌœtÌ¶Ì¼Ì®sÌ•Ì˜Í™Í– Ì Ì«Ì BÌ»ÍÍ…Í™Í‰Ì³eÌµhÌµÌ¬Í‡Ì«Í™iÌ•Ì¹Í“Ì³Ì³Ì®ÍÌ«nÍŸdÌ´ÌªÌœÌ– ÍÌ°Í‰Ì©Í…Í‡Í™Ì²TÍ¢Í–Ì¼Í“ÌªhÍÍ“Ì®Ì»eÌ¬ÌÍ…ÌŸ Ì¤Ì¹ÌWÍÍ…Í™ÌÌÍ”Í‡aÍÍ“Í”Ì¹Ì¼Ì£lÌ´Í”Ì°Ì¤ÌŸÍ”lÌ­Ì«.Í•,jkaygilleo
f30ab6db-fea3-48fd-9115-346179ef2fdd,1'; DROP TABLE users--,bgarstanep
fae9ef15-d0d5-4980-9fc8-91c103edb456,Ã¥ÃŸâˆ‚Æ’Â©Ë™âˆ†ËšÂ¬â€¦Ã¦,ivickarseq
f18a3331-615e-4a0b-bdc1-da6629fbfbb8,",./;'[]\-=",fabsolemer
f1843d9f-1c31-4c2d-8501-6f7ad8c943c6,âœ‹ğŸ¿ ğŸ’ªğŸ¿ ğŸ‘ğŸ¿ ğŸ™ŒğŸ¿ ğŸ‘ğŸ¿ ğŸ™ğŸ¿,cdufoures
1db167a8-8c9b-4c1a-ab52-a2dd0c5af739,-1.00,tstanilandet
f1dc1930-1e59-439d-a1cd-6f4b0a6a64a1,999999999999999999999999999999999999999999999999999999999999999999999999999999999999999999999999,bvillageeu
c8a468d0-cbb2-47bb-839c-0cc951a9a002,âœ‹ğŸ¿ ğŸ’ªğŸ¿ ğŸ‘ğŸ¿ ğŸ™ŒğŸ¿ ğŸ‘ğŸ¿ ğŸ™ğŸ¿,eableev
48522dc6-9be8-406d-af37-6a9167ec93b3,"__ï¾›(,_,*)",cconnikieew
f5c0837a-83ea-44e4-b5d9-699c66d57afa,/dev/null; touch /tmp/blns.fail ; echo,lboultonex
75320cc1-da57-431a-bad9-29fc6cc5c4d2,",./;'[]\-=",anangleey
8727e11e-733f-4b69-aaf1-6c5e10a491dc,â°â´âµ,jmccrawez
63942685-026e-40e1-9d6b-8ed8cd552f9a,1E02,aesomf0
8b62918d-fb84-4400-aa74-0f28050a5451,1/0,cnardif1
7c6897fd-b4a7-44d7-8d6b-1e6698eb5815,â‚€â‚â‚‚,istaggf2
7becb3fe-3408-49cf-b503-e82a7226056a,â€‹,stoffaninif3
53559578-e671-4a62-967b-fc423ec7ebab,-1E+02,cvassarf4
2047fc67-90dc-4e6e-b434-472c65d487eb,Î©â‰ˆÃ§âˆšâˆ«ËœÂµâ‰¤â‰¥Ã·,gmcelvinef5
6cd9ed54-5251-419b-886b-67f4903f4215,<img src=x onerror=alert('hi') />,kgreginef6
96d27468-6304-4b2b-b5e2-84c968b93e97,null,vdochartyf7
c2efb7cc-8dc0-4e06-86d3-51406af6e6dd,â€«testâ€«,bungarettif8
8bd05031-9afa-4f77-8f72-2bc147e77fb3,Ì—ÌºÍ–Ì¹Ì¯Í“TÌ±Ì¤ÍÌ¥Í‡ÍˆhÍÌ²eÍÍ“Ì¼Ì—Ì™Ì¼Ì£Í” Í‡ÌœÌ±Ì Í“ÍÍ…NÍ Í•eÌ—Ì±zÌ˜ÌÌœÌºÍ™pÌ¤ÌºÌ¹ÍÌ¯ÍšeÍœÌ Ì»Ì rÌ¨Ì¤ÍÌºÌ–Í”Ì–Ì–dÍŸÌ ÌŸÌ­Ì¬ÌiÌ¦Í–Ì©Í“Í”Ì¤aÌ Ì—Ì¬Í‰Ì™nÍœÍš Ì»ÌÌ°ÍšÍ…hÌµÍ‰iÌ³ÌvÌ¢Í‡eÍŸÌ­Í-Ò‰Ì­Ì©Ì¼Í”mÌ¤Ì­Ì«iÍ•Í‡ÌÌ¦nÌ—Í™dÌ£ÌŸ ÍÌ¯Ì²Í•oÌ¨ÌŸÌ¯Ì°Ì²Í™Ì»Ìf Í˜ÌªÌ°Ì°Ì—Ì–Ì­Ì˜cÌ¦ÍÌ²ÌÍÌ©Ì™hÌ£ÍšaÍœÌ®ÍÌŸÌ™oÌ›Ì©Ì¹ÍsÌ¤.ÌÌ Ò‰ZÌ¡Ì–ÌœÍ–Ì°Ì£Í‰ÌœaÍ¡Í–Ì°Í™Ì¬lÌ²Ì«Ì³ÍÌ©gÌ¡ÌŸÌ¼Ì±ÍšÌÌ¬Í…oÍœÌ—.ÌŸ,kmassimof9
ddfdf86c-8af3-4d3a-8e4a-49abc401121e,ğŸµ ğŸ™ˆ ğŸ™‰ ğŸ™Š,ocloptonfa
13c727b5-729d-4154-8454-a7185042879a,"""""",jpavelfb
65de08e4-6d8b-48a7-b3e9-194d567ef346,-1E+02,tkinghornefc
d8f7d416-3f8e-4e6e-89cd-f1739452eeb9,1E02,gnoelfd
99154981-64ac-4d0c-9111-f41a67b142b2,Â¸Ë›Ã‡â—ŠÄ±ËœÃ‚Â¯Ë˜Â¿,jiorizzife
6ca60fb2-58b3-4586-8057-a4b75a3ae99e,<svg><script>0<1>alert('XSS')</script>,upittsff
2e9af3b6-09e4-44c8-b2de-a7e01dc69049,Ã¥ÃŸâˆ‚Æ’Â©Ë™âˆ†ËšÂ¬â€¦Ã¦,kroachefg
0dd769d9-94a7-46e0-812c-c3edccf796d6,00Ë™Æ–$-,chammantfh
66328b55-e4d6-4f61-b4d1-2bb98ca5fe6c,â‚€â‚â‚‚,dbrognotfi
48e25430-a495-4cbb-bb6a-8640c4ca2fda,() { _; } >_[$($())] { touch /tmp/blns.shellshock2.fail; },ipenrithfj
404b1e1c-0be4-44b4-bfe7-c4f8d5c35bf5,1,ldebiaggifk
f13d7533-8feb-420e-8eca-4c793c9dfd08,ìš¸ë€ë°”í† ë¥´,cbatefl
08873e42-5a85-4da8-9a50-3b2b07f0ea19,Ì¡Í“Í…ÌIÍÌ—Ì˜Ì¦nÍ‡Í‡Í™vÌ®Ì«okÌ²Ì«Ì™ÍˆiÌ–Í™Ì­Ì¹Ì ÌnÌ¡Ì»Ì®Ì£ÌºgÌ²ÍˆÍ™Ì­Í™Ì¬Í Ì°tÍ”Ì¦hÌÌ²eÌ¢Ì¤ ÍÌ¬Ì²Í–fÌ´Ì˜Í•Ì£eÍ€Í–eÌ£Ì¥Ì©lÍ–Í”ÍšiÍ Í“ÍšÌ¦nÍ–ÍÌ—Í“Ì³Ì®gÍ Ì¨oÍ¡ÍšÌªfÌ˜Ì£Ì¬ Ì–Ì˜Í–ÌŸÍ™Ì®cÒ‰Í”Ì«Í–Í“Í‡Í–Í…hÌµÌ¤Ì£ÍšÍ”aÍÌ—Ì¼Í…Í•oÌ¼Ì£Ì¥sÍ¢Ì±ÍˆÌºÌ–Ì¦Ì».Ì›Ì–ÌÌ Ì«Ì°,ecanadafm
64338416-844d-4756-9549-12489f5f9737,Î©â‰ˆÃ§âˆšâˆ«ËœÂµâ‰¤â‰¥Ã·,nspellarfn
de372299-27a0-40bc-9e77-2a97214cbf76,â€ªâ€ªtestâ€ª,lmceniryfo
204578ac-451b-43f2-a0fb-1552abae347a,ZÌ®ÌÍ…Ì Í™Í”AÌ¥Ì—ÌÍˆÌ»Ì—LÌ£Í™ÍÌ¯Ì¹ÌÍ“GÌ»OÌ­Ì—Ì®,canniesfp
9ac31e74-ebd6-46f4-834b-255fcb11fa87,1.00,jroddfq
494a3f96-ccf6-4e7e-b96f-94f0a0f073b5,"""""",smanganfr
616b5969-8d34-4225-9a4e-3ae19843f8e3,âœ‹ğŸ¿ ğŸ’ªğŸ¿ ğŸ‘ğŸ¿ ğŸ™ŒğŸ¿ ğŸ‘ğŸ¿ ğŸ™ğŸ¿,owapolfs
df7497ee-0b14-490a-9c07-5712646a2e05,() { _; } >_[$($())] { touch /tmp/blns.shellshock2.fail; },bflindersft
58d34c74-56e6-475b-ba46-f3e1d2410ba3,(â•¯Â°â–¡Â°ï¼‰â•¯ï¸µ â”»â”â”»)  ,lshivellfu
5c7043cf-bae9-4bb1-bea0-83411b150051,1'; DROP TABLE users--,dmeagherfv
1a70d748-67aa-47b8-a057-3818ccac5c3f,NIL,lpatrickfw
7eff0019-0b1b-4a2f-9acb-59e4cb8f5fa8,â¢,jcrinionfx
cdff4665-6ed9-4540-9757-0fe692694d51,0ï¸âƒ£ 1ï¸âƒ£ 2ï¸âƒ£ 3ï¸âƒ£ 4ï¸âƒ£ 5ï¸âƒ£ 6ï¸âƒ£ 7ï¸âƒ£ 8ï¸âƒ£ 9ï¸âƒ£ ğŸ”Ÿ,landresenfy
9724aad6-4773-46e7-add4-ac84da63746e,ğ œğ œ±ğ ¹ğ ±“ğ ±¸ğ ²–ğ ³,mshrevefz
c8941a81-cab4-4073-b151-21820168569b,"""'""'""''''""",cjahnkeg0
e27bc0fa-0191-450f-a250-d06485be17df,(â•¯Â°â–¡Â°ï¼‰â•¯ï¸µ â”»â”â”»)  ,ktolletg1
d2138e60-5994-44bd-842b-d2262151ce3d,ç¤¾æœƒç§‘å­¸é™¢èªå­¸ç ”ç©¶æ‰€,fharrowellg2
37bf38dc-3457-4b92-81c8-bb3b76b62ccb,Å’â€Â´â€°Ë‡ÃÂ¨Ë†Ã˜âˆâ€â€™,tknutseng3
c27791c8-6b04-4adc-9158-a862ec613ae7,(ï½¡â—• âˆ€ â—•ï½¡),cladsong4
dfcd51c3-2d72-4156-9d51-c6b752538ce7,00Ë™Æ–$-,smacphersong5
06bf8a60-5b27-4dba-990d-fcfb19a2689e,$1.00,smccrayg6
e94aec3f-8ff9-4f43-898c-7ddec3d9c0d2,"""",rerswellg7
4b23ffbd-5dc4-453a-8d97-86d77cb93c2c,1E+02,jwaisg8
9095dc3e-2508-4e85-9434-a4c95a7d57a1,0.00,madang9
50de0c78-ec6e-406b-8a4c-93fdc1cab7cc,â¢,mhollibonega
4ad16ba1-74b4-49ea-b647-7ae900fe6dcc,ãƒ»(ï¿£âˆ€ï¿£)ãƒ»:*:,lgrittengb
82bc7f5d-93f1-484d-8fae-dc87e979414e,-1E02,lbranchegc
8c79de84-dc26-4694-beb3-5fc4a6407224,ğ œğ œ±ğ ¹ğ ±“ğ ±¸ğ ²–ğ ³,hgetshamgd
85212d01-ad66-4097-820b-be759621ca77,() { _; } >_[$($())] { touch /tmp/blns.shellshock2.fail; },yryege
0fa40808-6767-4e33-9c9f-a41d83978938,"""'""'""''''""",sbernardogf
ddf4599f-d4e2-4a2a-aefe-209e938e3fe5,1,goraffertygg
4a865b85-a0d4-4577-9dfd-c52476a2173f,1/0,nputtongh
2ed6ffb7-d0a8-4feb-876b-03da9f470990,0.00,slourencogi
1dd296c4-e568-4469-9a21-1857a912be3b,ï¾Ÿï½¥âœ¿ãƒ¾â•²(ï½¡â—•â€¿â—•ï½¡)â•±âœ¿ï½¥ï¾Ÿ,apriestgj
5b0ed495-e756-4ffd-9a7b-8d09b864964e,ï¾Ÿï½¥âœ¿ãƒ¾â•²(ï½¡â—•â€¿â—•ï½¡)â•±âœ¿ï½¥ï¾Ÿ,ctonergk
0f06f119-092d-4390-9581-4eac89340e5e,null,sarmatagegl
b25931b6-6359-443d-b89f-4d3c2b4c0d74,×”Ö¸×™Ö°×ªÖ¸×”testØ§Ù„ØµÙØ­Ø§Øª Ø§Ù„ØªÙ‘Ø­ÙˆÙ„,tfeehelygm
16542452-e2da-422e-9ec8-f395cb5b158c,ìš¸ë€ë°”í† ë¥´,kallsogn
f58703ca-f5bf-4a75-a525-f5a1631a5d19,ãƒ‘ãƒ¼ãƒ†ã‚£ãƒ¼ã¸è¡Œã‹ãªã„ã‹,rpesikgo
c37bf8a2-d1b1-4c09-9565-1d4f29d84d09,1;DROP TABLE users,bvoadengp
5646a179-a2bd-4f63-9ee7-7f031b7bc8c2,â¤ï¸ ğŸ’” ğŸ’Œ ğŸ’• ğŸ’ ğŸ’“ ğŸ’— ğŸ’– ğŸ’˜ ğŸ’ ğŸ’Ÿ ğŸ’œ ğŸ’› ğŸ’š ğŸ’™,ehailygq
8366f012-9def-453a-83f1-eee0320aefc4,ãƒ»(ï¿£âˆ€ï¿£)ãƒ»:*:,lparmintergr
bfc311b6-6144-4ca3-bcb1-f6b228903b22,-1E02,ijanneygs
533aaeaf-45f3-464c-a786-47a2eb0843d6,Ã¥ÃŸâˆ‚Æ’Â©Ë™âˆ†ËšÂ¬â€¦Ã¦,adabesgt
33cea15e-aec8-4fc5-b86d-277f54959b94,-1.00,csnowdongu
f2d981f6-d856-4c12-818d-75a50aa6b3f2,null,esaygv
32b1c307-e179-4238-9e13-7a485958263c,(ï½¡â—• âˆ€ â—•ï½¡),ldomengegw
3cb6429d-c805-480b-a6f1-c3d2e5957f90,1E2,lburchmoregx
e494df13-c2f6-499c-949c-7616686c16f5,ì‚¬íšŒê³¼í•™ì› ì–´í•™ì—°êµ¬ì†Œ,dhalsongy
0c9cc4cf-cd76-44b7-8ffc-66da780b5d98,å’Œè£½æ¼¢èª,ustuckeygz
ad81a27e-c59e-4bfa-ba4e-75421632b221,Ì¡Í“Í…ÌIÍÌ—Ì˜Ì¦nÍ‡Í‡Í™vÌ®Ì«okÌ²Ì«Ì™ÍˆiÌ–Í™Ì­Ì¹Ì ÌnÌ¡Ì»Ì®Ì£ÌºgÌ²ÍˆÍ™Ì­Í™Ì¬Í Ì°tÍ”Ì¦hÌÌ²eÌ¢Ì¤ ÍÌ¬Ì²Í–fÌ´Ì˜Í•Ì£eÍ€Í–eÌ£Ì¥Ì©lÍ–Í”ÍšiÍ Í“ÍšÌ¦nÍ–ÍÌ—Í“Ì³Ì®gÍ Ì¨oÍ¡ÍšÌªfÌ˜Ì£Ì¬ Ì–Ì˜Í–ÌŸÍ™Ì®cÒ‰Í”Ì«Í–Í“Í‡Í–Í…hÌµÌ¤Ì£ÍšÍ”aÍÌ—Ì¼Í…Í•oÌ¼Ì£Ì¥sÍ¢Ì±ÍˆÌºÌ–Ì¦Ì».Ì›Ì–ÌÌ Ì«Ì°,lsanctoh0
83dc22f3-91ac-47c4-8a80-2bffbd577d8a,ãƒ»(ï¿£âˆ€ï¿£)ãƒ»:*:,tbonwellh1
1545def9-9fb2-430c-88d6-74070ef200a5,Ì¡Í“Í…ÌIÍÌ—Ì˜Ì¦nÍ‡Í‡Í™vÌ®Ì«okÌ²Ì«Ì™ÍˆiÌ–Í™Ì­Ì¹Ì ÌnÌ¡Ì»Ì®Ì£ÌºgÌ²ÍˆÍ™Ì­Í™Ì¬Í Ì°tÍ”Ì¦hÌÌ²eÌ¢Ì¤ ÍÌ¬Ì²Í–fÌ´Ì˜Í•Ì£eÍ€Í–eÌ£Ì¥Ì©lÍ–Í”ÍšiÍ Í“ÍšÌ¦nÍ–ÍÌ—Í“Ì³Ì®gÍ Ì¨oÍ¡ÍšÌªfÌ˜Ì£Ì¬ Ì–Ì˜Í–ÌŸÍ™Ì®cÒ‰Í”Ì«Í–Í“Í‡Í–Í…hÌµÌ¤Ì£ÍšÍ”aÍÌ—Ì¼Í…Í•oÌ¼Ì£Ì¥sÍ¢Ì±ÍˆÌºÌ–Ì¦Ì».Ì›Ì–ÌÌ Ì«Ì°,aheersemah2
5e26aeb3-4536-409b-bf01-c1e494d3ffa2,,cdysonh3
1c98e683-c863-4474-9577-6bb85d399b3b,ğŸš¾ ğŸ†’ ğŸ†“ ğŸ†• ğŸ†– ğŸ†— ğŸ†™ ğŸ§,lmcgrathh4
a6134ea7-cec4-4758-89da-bbbd8a3d0a06,<script>alert('hi')</script>,edallaghanh5
bcb3fcec-9908-4d94-8d16-a3718ca1afcf,../../../../../../../../../../../etc/hosts,oiacovoneh6
5f2150c8-0f2c-4e84-b799-3b7434030a92,Â¡â„¢Â£Â¢âˆÂ§Â¶â€¢ÂªÂºâ€“â‰ ,gcotterillh7
823a582d-c77e-4eca-af88-7b056f18ff0a,ï¼‘ï¼’ï¼“,jwalentynowiczh8
c797d08b-67bd-4018-8bdc-eb24319ddf2c,NIL,tleyesh9
1696af7a-f407-42b8-ac7a-e3d92b3260a4,â°â´âµâ‚€â‚â‚‚,vcolquyteha
1cb0f4e7-f633-4fc1-ae0a-d02bb335de59,ğŸ‘©ğŸ½,lminchellahb
c680bbb6-fdd7-45dc-b348-1a55378e3747,-1E2,avossehc
2e527bdb-05b5-40bf-8d93-3f345af0159e,(â•¯Â°â–¡Â°ï¼‰â•¯ï¸µ â”»â”â”»)  ,acraufurdhd
c36e4011-fabe-4caa-83fc-0bd831b0142b,-1.00,nanneshe
bdddd13e-3e5c-469c-a75d-ab24a14cc0ea,Î©â‰ˆÃ§âˆšâˆ«ËœÂµâ‰¤â‰¥Ã·,ohounsonhf
5dbc97ce-79d7-4874-97bb-d6770cc74daf,"""",mtoxellhg
ede71ea1-b024-400f-a778-381638bd7e97,Ì¡Í“Í…ÌIÍÌ—Ì˜Ì¦nÍ‡Í‡Í™vÌ®Ì«okÌ²Ì«Ì™ÍˆiÌ–Í™Ì­Ì¹Ì ÌnÌ¡Ì»Ì®Ì£ÌºgÌ²ÍˆÍ™Ì­Í™Ì¬Í Ì°tÍ”Ì¦hÌÌ²eÌ¢Ì¤ ÍÌ¬Ì²Í–fÌ´Ì˜Í•Ì£eÍ€Í–eÌ£Ì¥Ì©lÍ–Í”ÍšiÍ Í“ÍšÌ¦nÍ–ÍÌ—Í“Ì³Ì®gÍ Ì¨oÍ¡ÍšÌªfÌ˜Ì£Ì¬ Ì–Ì˜Í–ÌŸÍ™Ì®cÒ‰Í”Ì«Í–Í“Í‡Í–Í…hÌµÌ¤Ì£ÍšÍ”aÍÌ—Ì¼Í…Í•oÌ¼Ì£Ì¥sÍ¢Ì±ÍˆÌºÌ–Ì¦Ì».Ì›Ì–ÌÌ Ì«Ì°,abarryhh
c7d553f4-0dd6-45f3-9947-110e5be3f347,1E02,sgeorgothi
a13e0f1f-72a1-4a5e-b440-67e2bc4f2b17,"""""",bbeadmanhj
cd744eff-059e-46e3-a639-68845b89e2aa,() { _; } >_[$($())] { touch /tmp/blns.shellshock2.fail; },kbovingdonhk
5ed3d1f9-cfb9-49d2-a84c-5541e0def79b,"""'""'""''''""",dborhamhl
c27dc537-d1e8-44cc-bcba-e07bfa4244c8,Å’â€Â´â€°Ë‡ÃÂ¨Ë†Ã˜âˆâ€â€™,abirdhm
81888a57-4aff-4fd5-ac93-6851db8a00a2,',cpersianhn
ab3edef7-5938-4db4-9269-8a7409334f56,â¢,egossonho
d1b58f4c-edbd-448f-93ce-ac84a76435a7,Â¡â„¢Â£Â¢âˆÂ§Â¶â€¢ÂªÂºâ€“â‰ ,htalbyhp
7d341bfc-ae10-487d-ab97-904d785aa96f,"<>?:""{}|_+",amarrowshq
d7ebe18b-62d4-41a3-a40f-da15434ab40d,(ï¾‰à²¥ç›Šà²¥ï¼‰ï¾‰ï»¿ â”»â”â”»,rkarlowiczhr
d317ef87-48d0-4d1d-9755-be758fce2e86,../../../../../../../../../../../etc/hosts,bhungerfordhs
1c471659-b49e-4019-981e-c896b76ecc61,Â¡â„¢Â£Â¢âˆÂ§Â¶â€¢ÂªÂºâ€“â‰ ,mbochht
1c1053e6-0810-42f1-97f7-9dda1180cbbf,-1E02,aworsniphu
cf16478f-60f8-448e-b647-24a67ecc1c2d,Ë™Énbá´‰lÉ ÉuÆƒÉÉ¯ ÇÉ¹olop Ê‡Ç ÇÉ¹oqÉl Ê‡n Ê‡unpá´‰pá´‰É”uá´‰ É¹odÉ¯ÇÊ‡ poÉ¯sná´‰Ç op pÇs 'Ê‡á´‰lÇ Æƒuá´‰É”sá´‰dá´‰pÉ É¹nÊ‡ÇÊ‡É”ÇsuoÉ” 'Ê‡ÇÉ¯É Ê‡á´‰s É¹olop É¯nsdá´‰ É¯ÇÉ¹oË¥,igiraulthv
a58a62d2-d83f-41e0-9dff-c551c3f04713,ãƒ»(ï¿£âˆ€ï¿£)ãƒ»:*:,aangushw
c1787319-09da-4359-a77d-fe060da522fb,Ù¡Ù¢Ù£,aiwaszkiewiczhx
8d8adb63-6682-4c5e-986a-c9033ca4e045,../../../../../../../../../../../etc/passwd%00,tstickleyhy
cb4765e8-3dcf-4b49-ab1f-d3332b9a3d2f,<img src=x onerror=alert('hi') />,enorthgraveshz
cf62cf87-b59c-48d9-8ffb-1bd82e3c473d,ğŸš¾ ğŸ†’ ğŸ†“ ğŸ†• ğŸ†– ğŸ†— ğŸ†™ ğŸ§,bbeltzneri0
8c1b4eaa-425e-4473-8034-ef78a9b301c2,null,oleani1
e7deddb0-c205-4f07-81e8-286e2b2b2e61,nil,rdugglebyi2
e449dbfa-6590-4a56-a9f6-5a22ecbb8899,<img src=x onerror=alert('hi') />,ctarpleei3
6637c1c9-9d2b-4dc7-9814-2e20268c8a1e,áš€,alawtyi4
863fadd0-ec1a-48c0-8b0a-5bb31cf2a618,Å’â€Â´â€°Ë‡ÃÂ¨Ë†Ã˜âˆâ€â€™,gocrowleyi5
2e4ccdc9-bc5d-4fbb-9429-0eab8677b462,Î©â‰ˆÃ§âˆšâˆ«ËœÂµâ‰¤â‰¥Ã·,hrivitti6
fe0db987-08ee-4ad9-94a4-11d05372e05f,â¤ï¸ ğŸ’” ğŸ’Œ ğŸ’• ğŸ’ ğŸ’“ ğŸ’— ğŸ’– ğŸ’˜ ğŸ’ ğŸ’Ÿ ğŸ’œ ğŸ’› ğŸ’š ğŸ’™,habramskyi7
9b97dd33-953f-4e68-9753-72debc2e6c13,0/0,bwitcherleyi8
ea9976af-078c-4626-9238-0719a96ed4f4,1,kmellersi9
ad7bbe11-6533-4d5b-9c32-7010e4fd7f6f,â‚€â‚â‚‚,kblythinia
6876519c-bf1d-4d2b-960b-87fcf598068e,testâ testâ€«,gshallowib
1c83e1ec-09e1-46e9-8d11-29730efcb6c6,null,esoroic
ec3618e1-36d0-462b-bafd-71dd233683de,ï¼‘ï¼’ï¼“,jcortesid
e28d3986-ce6e-4db1-a335-f31ee47f1573,ğŸµ ğŸ™ˆ ğŸ™‰ ğŸ™Š,tstanneringie
01814555-fb6c-418c-985f-8206f917db1e,Ë™Énbá´‰lÉ ÉuÆƒÉÉ¯ ÇÉ¹olop Ê‡Ç ÇÉ¹oqÉl Ê‡n Ê‡unpá´‰pá´‰É”uá´‰ É¹odÉ¯ÇÊ‡ poÉ¯sná´‰Ç op pÇs 'Ê‡á´‰lÇ Æƒuá´‰É”sá´‰dá´‰pÉ É¹nÊ‡ÇÊ‡É”ÇsuoÉ” 'Ê‡ÇÉ¯É Ê‡á´‰s É¹olop É¯nsdá´‰ É¯ÇÉ¹oË¥,ssutherbyif
cdcc163e-77b5-4cde-a940-2692e36710fa,â°â´âµâ‚€â‚â‚‚,pcopynig
21f20a28-61e3-445e-8641-d72d0422d1d9,Ì¡Í“Í…ÌIÍÌ—Ì˜Ì¦nÍ‡Í‡Í™vÌ®Ì«okÌ²Ì«Ì™ÍˆiÌ–Í™Ì­Ì¹Ì ÌnÌ¡Ì»Ì®Ì£ÌºgÌ²ÍˆÍ™Ì­Í™Ì¬Í Ì°tÍ”Ì¦hÌÌ²eÌ¢Ì¤ ÍÌ¬Ì²Í–fÌ´Ì˜Í•Ì£eÍ€Í–eÌ£Ì¥Ì©lÍ–Í”ÍšiÍ Í“ÍšÌ¦nÍ–ÍÌ—Í“Ì³Ì®gÍ Ì¨oÍ¡ÍšÌªfÌ˜Ì£Ì¬ Ì–Ì˜Í–ÌŸÍ™Ì®cÒ‰Í”Ì«Í–Í“Í‡Í–Í…hÌµÌ¤Ì£ÍšÍ”aÍÌ—Ì¼Í…Í•oÌ¼Ì£Ì¥sÍ¢Ì±ÍˆÌºÌ–Ì¦Ì».Ì›Ì–ÌÌ Ì«Ì°,kbimsonih
176f4c70-3244-4133-9485-fa0cb6368c14,Ë™Énbá´‰lÉ ÉuÆƒÉÉ¯ ÇÉ¹olop Ê‡Ç ÇÉ¹oqÉl Ê‡n Ê‡unpá´‰pá´‰É”uá´‰ É¹odÉ¯ÇÊ‡ poÉ¯sná´‰Ç op pÇs 'Ê‡á´‰lÇ Æƒuá´‰É”sá´‰dá´‰pÉ É¹nÊ‡ÇÊ‡É”ÇsuoÉ” 'Ê‡ÇÉ¯É Ê‡á´‰s É¹olop É¯nsdá´‰ É¯ÇÉ¹oË¥,adyasii
a90020be-0341-4947-b9c1-f56d28a4b41e,á ,mmalmarij
924df1c2-eb45-4349-b015-9d20b9dedab2,éƒ¨è½æ ¼,ldudmanik
cdebb4d4-45fe-4c5b-93f0-767adc882657,ğŸ˜,fsmallshawil
f97cf604-e707-4d31-af7e-0e0ef4e8ab8c,(ï½¡â—• âˆ€ â—•ï½¡),toffilerim
f6a07962-63d0-4dab-8ea8-1b63ab1f1f5e,-1E02,cbranchettin
a46e0089-8a5c-4bdf-8717-c01773242a61,áš€,lpendleio
7a29ff01-d780-4d8d-9d66-17b170770b69,Ã¥ÃŸâˆ‚Æ’Â©Ë™âˆ†ËšÂ¬â€¦Ã¦,tjeryip
35effb27-4bfc-475f-a5f7-a8df848cb128,Ã¥ÃŸâˆ‚Æ’Â©Ë™âˆ†ËšÂ¬â€¦Ã¦,socrevyiq
2177e6ed-37e0-4068-bbea-675f8597ad47,âœ‹ğŸ¿ ğŸ’ªğŸ¿ ğŸ‘ğŸ¿ ğŸ™ŒğŸ¿ ğŸ‘ğŸ¿ ğŸ™ğŸ¿,dmournianir
6e7f7b0b-c0d8-4360-89cb-477dd838894f,(ï½¡â—• âˆ€ â—•ï½¡),dcicettiis
f262bf29-85f0-4dd3-9673-674eef0419c3,(ï½¡â—• âˆ€ â—•ï½¡),acrosettiit
d6383edb-317f-4145-8e20-a8b20de9ffb7,ãƒ‘ãƒ¼ãƒ†ã‚£ãƒ¼ã¸è¡Œã‹ãªã„ã‹,jcleifeiu
1de72a2a-17df-463c-84e1-ca38a7c0ca2e,Ì¦HÍÌ¬Ì¤Ì—Ì¤eÍœ ÍÌœÌ¥ÌÌ»ÍÌŸwÌ•hÌ–Ì¯Í“oÌÍ™Ì–ÍÌ±Ì® Ò‰ÌºÌ™ÌÌŸÍˆWÌ·Ì¼Ì­aÌºÌªÍiÌ¨ÍˆÍ•Ì­Í™Ì¯ÌœtÌ¶Ì¼Ì®sÌ•Ì˜Í™Í– Ì Ì«Ì BÌ»ÍÍ…Í™Í‰Ì³eÌµhÌµÌ¬Í‡Ì«Í™iÌ•Ì¹Í“Ì³Ì³Ì®ÍÌ«nÍŸdÌ´ÌªÌœÌ– ÍÌ°Í‰Ì©Í…Í‡Í™Ì²TÍ¢Í–Ì¼Í“ÌªhÍÍ“Ì®Ì»eÌ¬ÌÍ…ÌŸ Ì¤Ì¹ÌWÍÍ…Í™ÌÌÍ”Í‡aÍÍ“Í”Ì¹Ì¼Ì£lÌ´Í”Ì°Ì¤ÌŸÍ”lÌ­Ì«.Í•,bwoolattiv
ab3f43cc-8a5a-4377-8527-0444d7318191,ğŸ‘©ğŸ½,ckorousiw
d5cf9545-a571-42f6-9917-0c0bb4319de9,-1.00,tlisimoreix
cc550d4f-658a-49b5-9688-c7c9e0b0cc64,ãƒ½à¼¼àºˆÙ„Íœàºˆà¼½ï¾‰ ãƒ½à¼¼àºˆÙ„Íœàºˆà¼½ï¾‰ ,cpresseyiy
aba8de02-6e4b-4668-9741-124ba27c1398,Ã¥ÃŸâˆ‚Æ’Â©Ë™âˆ†ËšÂ¬â€¦Ã¦,rcarlisleiz
ba7b9161-e0c1-458f-9195-56f498deb4bf,-1E2,rsifleetj0
8865acb1-8687-48ee-a6f9-154742d1e09a,â¦testâ§,swidocksj1
39b7ed1b-d690-44ae-bbcd-3d415ffc9d81,ğŸµ ğŸ™ˆ ğŸ™‰ ğŸ™Š,ecaldronij2
e4c99fab-aa9d-4181-88bb-06d9e4981fce,â°â´âµâ‚€â‚â‚‚,egiacaponij3
7533fa8e-6710-47b5-8564-887ef7621ca4,ZÌ®ÌÍ…Ì Í™Í”AÌ¥Ì—ÌÍˆÌ»Ì—LÌ£Í™ÍÌ¯Ì¹ÌÍ“GÌ»OÌ­Ì—Ì®,bvaskinj4
82fb26b5-240e-446c-8323-83e898d475b9,Ã¥ÃŸâˆ‚Æ’Â©Ë™âˆ†ËšÂ¬â€¦Ã¦,ostutterj5
bb4fb1a7-25ed-4c55-a7e7-0a65dad3de95,Î©â‰ˆÃ§âˆšâˆ«ËœÂµâ‰¤â‰¥Ã·,glehuquetj6
37f12fdd-6ef8-463b-bde7-6b1131be46dc,'',hclynej7
dc0ce8e9-f59e-4db1-8b0c-547928d6de12,0ï¸âƒ£ 1ï¸âƒ£ 2ï¸âƒ£ 3ï¸âƒ£ 4ï¸âƒ£ 5ï¸âƒ£ 6ï¸âƒ£ 7ï¸âƒ£ 8ï¸âƒ£ 9ï¸âƒ£ ğŸ”Ÿ,trogeonj8
8265c3dd-cee7-42f2-ba3e-b11d3c133ba4,',gedlynej9
fe830591-62f8-41f2-a650-a2e655ee8471,â°â´âµâ‚€â‚â‚‚,hhuorticja
e1a09983-0181-42fd-be43-6cb997b9019a,../../../../../../../../../../../etc/hosts,tbamlingjb
baeb39b9-7da3-4891-82e8-769243c03ba1,éƒ¨è½æ ¼,atorrijc
20b44d55-2012-4941-bee3-767ba94e2eb5,NIL,bfindersjd
6a759bb5-1434-442f-9dce-cb37cc9db39a,testâ testâ€«,lsarchwellje
21bb18ec-67e2-4e62-9b76-7cd25d65144c,ãƒ½à¼¼àºˆÙ„Íœàºˆà¼½ï¾‰ ãƒ½à¼¼àºˆÙ„Íœàºˆà¼½ï¾‰ ,eglewejf
84eb39f8-78bf-478a-a13d-fd33d45334a6,ç¤¾æœƒç§‘å­¸é™¢èªå­¸ç ”ç©¶æ‰€,naldrichjg
b3adf5c2-0a8d-496e-8aa2-0ba0c0eee54c,"__ï¾›(,_,*)",rhagardjh
f52216b7-ce12-49c1-9ef3-d2034a7d1bf3,ãƒ½à¼¼àºˆÙ„Íœàºˆà¼½ï¾‰ ãƒ½à¼¼àºˆÙ„Íœàºˆà¼½ï¾‰ ,narbonji
7744b490-fd92-434f-8bd4-bebc4be88e92,ìš¸ë€ë°”í† ë¥´,semmottjj
386a25d2-b56e-4e9e-8998-eaa564e8f846,"""'""'""''''""",asellorjk
1a4f808c-a275-4e2b-ba39-7466058b4d18,ğ œğ œ±ğ ¹ğ ±“ğ ±¸ğ ²–ğ ³,ogodfreyjl
5bdc85de-99c9-4136-886b-3689ea660638,Ã…ÃÃÃËÃ“Ã”ï£¿Ã’ÃšÃ†â˜ƒ,cgregrjm
3ca2ca23-7634-4fcb-9ff9-a5d3bdab9aad,1E+02,sblaxlandejn
1bfb50d1-b063-401e-992b-66e2809e146b,",ã€‚ãƒ»:*:ãƒ»ã‚œâ€™( â˜» Ï‰ â˜» )ã€‚ãƒ»:*:ãƒ»ã‚œâ€™",emandrejo
af949b20-337b-48c2-b524-cd33d0654fad,<script>alert('hi')</script>,bbolterjp
3d62dfa0-e447-42d4-b225-e4c23a6549c5,NIL,aphilbrickjq
e6a7a6a6-86ee-43b6-b5b7-7cec0e647d04,(â•¯Â°â–¡Â°ï¼‰â•¯ï¸µ â”»â”â”»)  ,bbullockjr
74df8d20-7343-41aa-89c1-7e834e674ff9,ìš¸ë€ë°”í† ë¥´,mgrishkovjs
3896931c-2fdd-4436-9b53-22d62fa22e8a,ğ œğ œ±ğ ¹ğ ±“ğ ±¸ğ ²–ğ ³,rtelfordjt
aa583d64-b96c-4593-aa12-c60bba6b9d1b,á ,gmctrusteyju
89d12644-4ec6-45be-810d-ed7eabd84d85,0/0,tbrownselljv
89beb848-f666-449a-bf2b-d887a7446903,ç”°ä¸­ã•ã‚“ã«ã‚ã’ã¦ä¸‹ã•ã„,priddeljw
f970ec3e-45b4-46f5-9c0a-d23032b025ba,ğŸ‘¾ ğŸ™‡ ğŸ’ ğŸ™… ğŸ™† ğŸ™‹ ğŸ™ ğŸ™ ,sosininjx
793f8563-2dea-4165-bf85-2f76a4236f5d,-1/2,fsokalejy
642d8be5-21d7-43e2-a9fe-1dd5a5fe08a6,ìš¸ë€ë°”í† ë¥´,lcavozzijz
2cf1866f-06c7-477a-99fc-698634d2c246,../../../../../../../../../../../etc/hosts,aflintiffk0
f3b2e9ad-0db6-4a17-a52b-08c8869292e1,Ì¡Í“Í…ÌIÍÌ—Ì˜Ì¦nÍ‡Í‡Í™vÌ®Ì«okÌ²Ì«Ì™ÍˆiÌ–Í™Ì­Ì¹Ì ÌnÌ¡Ì»Ì®Ì£ÌºgÌ²ÍˆÍ™Ì­Í™Ì¬Í Ì°tÍ”Ì¦hÌÌ²eÌ¢Ì¤ ÍÌ¬Ì²Í–fÌ´Ì˜Í•Ì£eÍ€Í–eÌ£Ì¥Ì©lÍ–Í”ÍšiÍ Í“ÍšÌ¦nÍ–ÍÌ—Í“Ì³Ì®gÍ Ì¨oÍ¡ÍšÌªfÌ˜Ì£Ì¬ Ì–Ì˜Í–ÌŸÍ™Ì®cÒ‰Í”Ì«Í–Í“Í‡Í–Í…hÌµÌ¤Ì£ÍšÍ”aÍÌ—Ì¼Í…Í•oÌ¼Ì£Ì¥sÍ¢Ì±ÍˆÌºÌ–Ì¦Ì».Ì›Ì–ÌÌ Ì«Ì°,dgrainek1
8f1528c2-cde6-4932-b879-c928e51b72b4,ï¼‘ï¼’ï¼“,kbinnellk2
992b6d5e-488a-44cb-85a7-5c1d79bbd160,nil,cgeorgievk3
b890bc43-1df1-4dd1-a371-57ad865e3222,â€‹,rstrettellk4
6090bf43-cccb-4934-bfae-37327e57d8e9,1,dshalcrosk5
f96f6c88-d575-4b2b-ab7a-4b84040e33c5,../../../../../../../../../../../etc/passwd%00,cdeveyk6
1e9092a6-bb04-409b-8ede-8ef850060a64,(â•¯Â°â–¡Â°ï¼‰â•¯ï¸µ â”»â”â”»)  ,twooffindenk7
e2727d57-eead-4bdf-8504-dfcec0f45690,â¤ï¸ ğŸ’” ğŸ’Œ ğŸ’• ğŸ’ ğŸ’“ ğŸ’— ğŸ’– ğŸ’˜ ğŸ’ ğŸ’Ÿ ğŸ’œ ğŸ’› ğŸ’š ğŸ’™,erabidgek8
e5fc7e9f-133d-4397-b21d-f496b5beeb6f,<svg><script>0<1>alert('XSS')</script>,jbeardwellk9
844be47f-c3ef-47e4-afcd-a65633bce8f4,-1E+02,malyukinka
a620017a-3362-4e68-9aa0-f0638f0b1015,Ì¡Í“Í…ÌIÍÌ—Ì˜Ì¦nÍ‡Í‡Í™vÌ®Ì«okÌ²Ì«Ì™ÍˆiÌ–Í™Ì­Ì¹Ì ÌnÌ¡Ì»Ì®Ì£ÌºgÌ²ÍˆÍ™Ì­Í™Ì¬Í Ì°tÍ”Ì¦hÌÌ²eÌ¢Ì¤ ÍÌ¬Ì²Í–fÌ´Ì˜Í•Ì£eÍ€Í–eÌ£Ì¥Ì©lÍ–Í”ÍšiÍ Í“ÍšÌ¦nÍ–ÍÌ—Í“Ì³Ì®gÍ Ì¨oÍ¡ÍšÌªfÌ˜Ì£Ì¬ Ì–Ì˜Í–ÌŸÍ™Ì®cÒ‰Í”Ì«Í–Í“Í‡Í–Í…hÌµÌ¤Ì£ÍšÍ”aÍÌ—Ì¼Í…Í•oÌ¼Ì£Ì¥sÍ¢Ì±ÍˆÌºÌ–Ì¦Ì».Ì›Ì–ÌÌ Ì«Ì°,scoklykb
378922b5-c4bc-47c6-ba34-c186e020f11b,Å“âˆ‘Â´Â®â€ Â¥Â¨Ë†Ã¸Ï€â€œâ€˜,bdaviskc
e864c57f-fdea-41c6-8568-aa62d13fd665,ãƒ½à¼¼àºˆÙ„Íœàºˆà¼½ï¾‰ ãƒ½à¼¼àºˆÙ„Íœàºˆà¼½ï¾‰ ,dmacnamarakd
a407ebcf-0d8a-4522-825a-f5816513f829,â£,fwoottonke
706f7f3b-30cc-4040-888b-abac6dd5ad17,(ï½¡â—• âˆ€ â—•ï½¡),egiorgeschikf
e98efe54-b8ee-4bf0-81b1-8a765d9796f0,â£,gboleskg
506dfdba-2941-4800-b32a-393340237bb6,Ì—ÌºÍ–Ì¹Ì¯Í“TÌ±Ì¤ÍÌ¥Í‡ÍˆhÍÌ²eÍÍ“Ì¼Ì—Ì™Ì¼Ì£Í” Í‡ÌœÌ±Ì Í“ÍÍ…NÍ Í•eÌ—Ì±zÌ˜ÌÌœÌºÍ™pÌ¤ÌºÌ¹ÍÌ¯ÍšeÍœÌ Ì»Ì rÌ¨Ì¤ÍÌºÌ–Í”Ì–Ì–dÍŸÌ ÌŸÌ­Ì¬ÌiÌ¦Í–Ì©Í“Í”Ì¤aÌ Ì—Ì¬Í‰Ì™nÍœÍš Ì»ÌÌ°ÍšÍ…hÌµÍ‰iÌ³ÌvÌ¢Í‡eÍŸÌ­Í-Ò‰Ì­Ì©Ì¼Í”mÌ¤Ì­Ì«iÍ•Í‡ÌÌ¦nÌ—Í™dÌ£ÌŸ ÍÌ¯Ì²Í•oÌ¨ÌŸÌ¯Ì°Ì²Í™Ì»Ìf Í˜ÌªÌ°Ì°Ì—Ì–Ì­Ì˜cÌ¦ÍÌ²ÌÍÌ©Ì™hÌ£ÍšaÍœÌ®ÍÌŸÌ™oÌ›Ì©Ì¹ÍsÌ¤.ÌÌ Ò‰ZÌ¡Ì–ÌœÍ–Ì°Ì£Í‰ÌœaÍ¡Í–Ì°Í™Ì¬lÌ²Ì«Ì³ÍÌ©gÌ¡ÌŸÌ¼Ì±ÍšÌÌ¬Í…oÍœÌ—.ÌŸ,bjaimekh
1f793dda-e00c-4631-86e8-fdf4555ee772,() { 0; }; touch /tmp/blns.shellshock1.fail;,cfotheringhamki
7373650d-89ed-43f2-9b01-2d41f0040430,0.00,dmartinetskj
ba2eebc9-1bb0-4bc7-b7fe-3500547f250c,1/0,oprudhamkk
25c00b69-8a21-4cc8-ac76-a44955baceb1,Å“âˆ‘Â´Â®â€ Â¥Â¨Ë†Ã¸Ï€â€œâ€˜,dfranckekl
f14f2dfc-db13-4c23-b8fb-dbf524c43dc2,ãƒ½à¼¼àºˆÙ„Íœàºˆà¼½ï¾‰ ãƒ½à¼¼àºˆÙ„Íœàºˆà¼½ï¾‰ ,lheritykm
bd58f218-13e0-48d3-b412-23a5e1246e1b,<script>alert('hi')</script>,kboudakn
840ce624-a794-421f-b4cd-606e34ca09bc,â€‹,lwisdenko
c837a4aa-00ac-403c-b749-a826e1fe431b,Å’â€Â´â€°Ë‡ÃÂ¨Ë†Ã˜âˆâ€â€™,pcornesskp
f5b62c1c-8d23-4371-af2e-5149c088bf51,"'""'",dreillykq
8255e44c-a12a-4bd7-811d-af8140f08a1b,testâ testâ€«,lcardenaskr
06c1905d-2b35-4524-8927-83a2ee165374,å’Œè£½æ¼¢èª,fblindermannks
b8cf646a-cbfa-401e-95f4-9ff73835377c,â¢,dyoakleykt
bc27d390-c899-4013-a200-c4fa34d1a71d,ì‚¬íšŒê³¼í•™ì› ì–´í•™ì—°êµ¬ì†Œ,dhamprechtku
1814004e-cea3-4164-b69d-9cd4e52eab78,(ï½¡â—• âˆ€ â—•ï½¡),cwindleykv
30d70fda-fe24-46f3-92dd-79eb1cfd1de2,ğ œğ œ±ğ ¹ğ ±“ğ ±¸ğ ²–ğ ³,rmccurriekw
11b1bb5b-de4a-4a9c-8e8e-49c08bb4e4de,999999999999999999999999999999999999999999999999999999999999999999999999999999999999999999999999,bscarcekx
230cce0a-e175-49c2-bb44-5ac9b112bd89,/dev/null; touch /tmp/blns.fail ; echo,lrenwickky
7d8ba35a-4d1c-4363-96d3-b1746bc4d2c4,â¤ï¸ ğŸ’” ğŸ’Œ ğŸ’• ğŸ’ ğŸ’“ ğŸ’— ğŸ’– ğŸ’˜ ğŸ’ ğŸ’Ÿ ğŸ’œ ğŸ’› ğŸ’š ğŸ’™,iamosskz
7f7dbec0-fe0d-41b3-bb64-b6dc0af18692,-1/2,eglasscoel0
6b11ce7a-071a-4d64-b0e3-29574d91bb42,â€«testâ€«,rluntl1
9070f425-5952-4d2b-b856-a7a860705854,ç”°ä¸­ã•ã‚“ã«ã‚ã’ã¦ä¸‹ã•ã„,kjakoviljevicl2
c645db83-f7fc-4264-99ba-1e294facaf2d,ï¼‘ï¼’ï¼“,gmackalll3
09f989d7-c1d7-48c5-b1ab-07e962fe9d56,0/0,jmouthl4
b2d7c9b5-1fed-4cdf-a1bd-662991b8683b,"""'""'""''''""",veversl5
0d20eb2d-ccb7-4119-ad8b-2d8c8ee90b07,ğŸ˜,gsergeauntl6
811a110e-71cb-4c3f-890d-bde28ceff5af,Ì¦HÍÌ¬Ì¤Ì—Ì¤eÍœ ÍÌœÌ¥ÌÌ»ÍÌŸwÌ•hÌ–Ì¯Í“oÌÍ™Ì–ÍÌ±Ì® Ò‰ÌºÌ™ÌÌŸÍˆWÌ·Ì¼Ì­aÌºÌªÍiÌ¨ÍˆÍ•Ì­Í™Ì¯ÌœtÌ¶Ì¼Ì®sÌ•Ì˜Í™Í– Ì Ì«Ì BÌ»ÍÍ…Í™Í‰Ì³eÌµhÌµÌ¬Í‡Ì«Í™iÌ•Ì¹Í“Ì³Ì³Ì®ÍÌ«nÍŸdÌ´ÌªÌœÌ– ÍÌ°Í‰Ì©Í…Í‡Í™Ì²TÍ¢Í–Ì¼Í“ÌªhÍÍ“Ì®Ì»eÌ¬ÌÍ…ÌŸ Ì¤Ì¹ÌWÍÍ…Í™ÌÌÍ”Í‡aÍÍ“Í”Ì¹Ì¼Ì£lÌ´Í”Ì°Ì¤ÌŸÍ”lÌ­Ì«.Í•,mlandall7
5feadd19-78e5-4447-814e-65eb0860327d,<script>alert('hi')</script>,icalbertl8
f8911469-fbff-46dd-98e1-3b1e81cee771,â¦testâ§,ggowarl9
e9e5d529-a459-46ce-b8f8-ce273153c87f,â€ªâ€ªtestâ€ª,amacneilla
e8b8bf7a-f466-42d5-8c23-7f0e6a508bca,"__ï¾›(,_,*)",mbilbylb
52a89de4-d487-4eca-ae9e-41f43ce3d3c4,0.00,iallboneslc
2ca83e05-cde0-47df-a8fe-15a0b6030287,Å’â€Â´â€°Ë‡ÃÂ¨Ë†Ã˜âˆâ€â€™,dkettlestingld
dd2879c5-39fe-4844-bf0d-9d047529c384,../../../../../../../../../../../etc/hosts,dmannle
88b6059a-ba3e-40df-bc3d-08580f1de291,-1E02,vbernaldezlf
7ac21972-53c0-43ab-bcd2-432dc7267a37,ï¾Ÿï½¥âœ¿ãƒ¾â•²(ï½¡â—•â€¿â—•ï½¡)â•±âœ¿ï½¥ï¾Ÿ,fmccaheylg
fb601af9-52bb-4019-b805-19a12f28292d,-1E+02,rlufkinlh
d2e8e865-3b50-4d94-a8de-d96421b30b8f,ğŸš¾ ğŸ†’ ğŸ†“ ğŸ†• ğŸ†– ğŸ†— ğŸ†™ ğŸ§,vmaudlinli
bcad1bd9-2e94-433e-ac41-d61f12e7f479,"×‘Ö¼Ö°×¨Öµ××©×Ö´×™×ª, ×‘Ö¼Ö¸×¨Ö¸× ×Ö±×œÖ¹×”Ö´×™×, ×Öµ×ª ×”Ö·×©Ö¼×Ö¸×Ö·×™Ö´×, ×•Ö°×Öµ×ª ×”Ö¸×Ö¸×¨Ö¶×¥",arudgleylj
bf5f6224-fd69-4304-a9d2-28e0e26b664e,ãƒ½à¼¼àºˆÙ„Íœàºˆà¼½ï¾‰ ãƒ½à¼¼àºˆÙ„Íœàºˆà¼½ï¾‰ ,fbrittlk
2469ed52-a15e-4151-977f-9c54f168bbcf,-1/2,froulstonll
2fe73704-0030-48fe-aecb-c2d43b8e972c,-1E+02,alawreylm
e07e2079-986d-41ba-96f3-88e37cbb0856,â¤ï¸ ğŸ’” ğŸ’Œ ğŸ’• ğŸ’ ğŸ’“ ğŸ’— ğŸ’– ğŸ’˜ ğŸ’ ğŸ’Ÿ ğŸ’œ ğŸ’› ğŸ’š ğŸ’™,tlewteyln
29ed5dee-d7fa-47ac-bc6b-42435dcfb1c8,() { 0; }; touch /tmp/blns.shellshock1.fail;,sanderslo
5a97e8a3-6fbd-40a9-9f28-ad3a2d57e5ec,ZÌ®ÌÍ…Ì Í™Í”AÌ¥Ì—ÌÍˆÌ»Ì—LÌ£Í™ÍÌ¯Ì¹ÌÍ“GÌ»OÌ­Ì—Ì®,ecalanlp
a09aa378-a98f-4201-9e49-5747d7b99c07,"×‘Ö¼Ö°×¨Öµ××©×Ö´×™×ª, ×‘Ö¼Ö¸×¨Ö¸× ×Ö±×œÖ¹×”Ö´×™×, ×Öµ×ª ×”Ö·×©Ö¼×Ö¸×Ö·×™Ö´×, ×•Ö°×Öµ×ª ×”Ö¸×Ö¸×¨Ö¶×¥",fcrankelq
c1d2f1a5-d6f4-4067-ad01-d347ff11a113,"__ï¾›(,_,*)",ggrewarlr
8e5cd13d-f041-4667-87ff-d4cbc192c393,../../../../../../../../../../../etc/passwd%00,tscrimshawls
5c2c57cf-d3bd-4b42-8a44-7b45d2477524,Ë™Énbá´‰lÉ ÉuÆƒÉÉ¯ ÇÉ¹olop Ê‡Ç ÇÉ¹oqÉl Ê‡n Ê‡unpá´‰pá´‰É”uá´‰ É¹odÉ¯ÇÊ‡ poÉ¯sná´‰Ç op pÇs 'Ê‡á´‰lÇ Æƒuá´‰É”sá´‰dá´‰pÉ É¹nÊ‡ÇÊ‡É”ÇsuoÉ” 'Ê‡ÇÉ¯É Ê‡á´‰s É¹olop É¯nsdá´‰ É¯ÇÉ¹oË¥,csproullt
30937c97-27d5-4ff3-b379-b51814f95bd8,ï¼‘ï¼’ï¼“,bstrelitzlu
18e34af4-9b14-4812-adae-0613cde90bfd,ãƒ»(ï¿£âˆ€ï¿£)ãƒ»:*:,elaphornlv
ce89fff3-8357-4f9c-93bf-780d75b74e8f,ğŸš¾ ğŸ†’ ğŸ†“ ğŸ†• ğŸ†– ğŸ†— ğŸ†™ ğŸ§,edunnetlw
d95062e5-6f6e-4256-8011-42a637e97e84,ãƒ‘ãƒ¼ãƒ†ã‚£ãƒ¼ã¸è¡Œã‹ãªã„ã‹,ghammellx
731675ed-a305-4074-8daf-17347ee614b4,×”Ö¸×™Ö°×ªÖ¸×”testØ§Ù„ØµÙØ­Ø§Øª Ø§Ù„ØªÙ‘Ø­ÙˆÙ„,gtarnly
e94ab2c8-1178-4679-bec6-83d6f3a23da4,å’Œè£½æ¼¢èª,kedwickelz
e95edc72-ef51-4912-aa87-448dd8b4643a,"<>?:""{}|_+",jcowherdm0
4456f5d9-4df9-46c8-ae90-758513a9773c,ãƒ‘ãƒ¼ãƒ†ã‚£ãƒ¼ã¸è¡Œã‹ãªã„ã‹,vclemasm1
fe921dc7-b05e-446b-a23d-f28fac08626c,×”Ö¸×™Ö°×ªÖ¸×”testØ§Ù„ØµÙØ­Ø§Øª Ø§Ù„ØªÙ‘Ø­ÙˆÙ„,shellikerm2
17493a44-618c-45b6-bead-a0ebd7e8ff16,ZÌ®ÌÍ…Ì Í™Í”AÌ¥Ì—ÌÍˆÌ»Ì—LÌ£Í™ÍÌ¯Ì¹ÌÍ“GÌ»OÌ­Ì—Ì®,tfransemaim3
90dc8bc3-fb73-48be-9ed1-7af7634fbf01,<svg><script>0<1>alert('XSS')</script>,squilkinm4
9e4690c5-4372-4bca-b2f8-7ab12c312db6,Ë™Énbá´‰lÉ ÉuÆƒÉÉ¯ ÇÉ¹olop Ê‡Ç ÇÉ¹oqÉl Ê‡n Ê‡unpá´‰pá´‰É”uá´‰ É¹odÉ¯ÇÊ‡ poÉ¯sná´‰Ç op pÇs 'Ê‡á´‰lÇ Æƒuá´‰É”sá´‰dá´‰pÉ É¹nÊ‡ÇÊ‡É”ÇsuoÉ” 'Ê‡ÇÉ¯É Ê‡á´‰s É¹olop É¯nsdá´‰ É¯ÇÉ¹oË¥,bstanneym5
7c12ada2-7814-44d9-a7f7-57cc01b636da,"<>?:""{}|_+",rtreasurem6
96d038dc-866b-4355-b070-a4458453714e,1'; DROP TABLE users--,nkynettm7
24680a87-8462-49f9-8e24-30df2e7abf31,Ã¥ÃŸâˆ‚Æ’Â©Ë™âˆ†ËšÂ¬â€¦Ã¦,dquinnellm8
5747c869-69f1-446b-a4e6-f3e03edfb133,×”Ö¸×™Ö°×ªÖ¸×”testØ§Ù„ØµÙØ­Ø§Øª Ø§Ù„ØªÙ‘Ø­ÙˆÙ„,dsockellm9
8e6abd90-673c-4a6a-ac9e-929742ea53bb,â€ªâ€ªtestâ€ª,mhannondma
f0d4dc05-f119-4c70-b32e-f4e7dfd083f7,áš€,tpershousemb
9cc663bb-dc4e-4e9e-b0a9-4bfc7f97cb5d,<svg><script>0<1>alert('XSS')</script>,hbarlacemc
69f53004-6955-474f-b69f-a32573694d6d,1'; DROP TABLE users--,ybuddockmd
33127e4f-d2f1-4642-af99-5d3536bf336e,â‚€â‚â‚‚,cscoggansme
55ccc871-2012-4648-8edc-7999a68322e5,â€©testâ€©,rrontreemf
47f5abea-897a-44de-abb5-a1f4a65ab2c2,00Ë™Æ–$-,nelcoxmg
c16c04f5-6f1d-4e05-b079-056551e32910,ï½€ï½¨(Â´âˆ€ï½€âˆ©,kygomh
9ba7b91e-dfe5-4b1d-a47e-ee44bb244e7b,<svg><script>0<1>alert('XSS')</script>,rwallegemi
bb127255-02e5-46af-84d4-04ef764053d5,â¤ï¸ ğŸ’” ğŸ’Œ ğŸ’• ğŸ’ ğŸ’“ ğŸ’— ğŸ’– ğŸ’˜ ğŸ’ ğŸ’Ÿ ğŸ’œ ğŸ’› ğŸ’š ğŸ’™,sjewksmj
1989fc3b-c73c-4ed4-8109-31717673fad5,â€«testâ€«,scornboroughmk
8f2e50fc-e789-46c5-a02d-65cfed18db94,Ì—ÌºÍ–Ì¹Ì¯Í“TÌ±Ì¤ÍÌ¥Í‡ÍˆhÍÌ²eÍÍ“Ì¼Ì—Ì™Ì¼Ì£Í” Í‡ÌœÌ±Ì Í“ÍÍ…NÍ Í•eÌ—Ì±zÌ˜ÌÌœÌºÍ™pÌ¤ÌºÌ¹ÍÌ¯ÍšeÍœÌ Ì»Ì rÌ¨Ì¤ÍÌºÌ–Í”Ì–Ì–dÍŸÌ ÌŸÌ­Ì¬ÌiÌ¦Í–Ì©Í“Í”Ì¤aÌ Ì—Ì¬Í‰Ì™nÍœÍš Ì»ÌÌ°ÍšÍ…hÌµÍ‰iÌ³ÌvÌ¢Í‡eÍŸÌ­Í-Ò‰Ì­Ì©Ì¼Í”mÌ¤Ì­Ì«iÍ•Í‡ÌÌ¦nÌ—Í™dÌ£ÌŸ ÍÌ¯Ì²Í•oÌ¨ÌŸÌ¯Ì°Ì²Í™Ì»Ìf Í˜ÌªÌ°Ì°Ì—Ì–Ì­Ì˜cÌ¦ÍÌ²ÌÍÌ©Ì™hÌ£ÍšaÍœÌ®ÍÌŸÌ™oÌ›Ì©Ì¹ÍsÌ¤.ÌÌ Ò‰ZÌ¡Ì–ÌœÍ–Ì°Ì£Í‰ÌœaÍ¡Í–Ì°Í™Ì¬lÌ²Ì«Ì³ÍÌ©gÌ¡ÌŸÌ¼Ì±ÍšÌÌ¬Í…oÍœÌ—.ÌŸ,ndyzartml
e03053b4-2b7c-4197-868a-b9b0249827d5,-$1.00,vzeplinmm
414754e0-b192-459c-91ca-c6e22613023f,999999999999999999999999999999999999999999999999999999999999999999999999999999999999999999999999,bbrodneckemn
410c6783-5b4e-4d2e-92d4-26a4ecf5436f,1;DROP TABLE users,cthakemo
45857efb-322d-4731-8882-3961bb430db8,'',jblazeymp
4fbd0191-1eec-4587-8e2d-e9e396718d50,"×‘Ö¼Ö°×¨Öµ××©×Ö´×™×ª, ×‘Ö¼Ö¸×¨Ö¸× ×Ö±×œÖ¹×”Ö´×™×, ×Öµ×ª ×”Ö·×©Ö¼×Ö¸×Ö·×™Ö´×, ×•Ö°×Öµ×ª ×”Ö¸×Ö¸×¨Ö¶×¥",bcolliarmq
68bb6424-47df-4e75-b40b-61d1b55472bf,Å“âˆ‘Â´Â®â€ Â¥Â¨Ë†Ã¸Ï€â€œâ€˜,tdelgatymr
536a70e5-e28b-4ccb-aaa5-565d51cdf74a,"×‘Ö¼Ö°×¨Öµ××©×Ö´×™×ª, ×‘Ö¼Ö¸×¨Ö¸× ×Ö±×œÖ¹×”Ö´×™×, ×Öµ×ª ×”Ö·×©Ö¼×Ö¸×Ö·×™Ö´×, ×•Ö°×Öµ×ª ×”Ö¸×Ö¸×¨Ö¶×¥",gpercevalms
10b99cf1-b43d-413e-9248-44fc9217dce5,ğŸ‘¾ ğŸ™‡ ğŸ’ ğŸ™… ğŸ™† ğŸ™‹ ğŸ™ ğŸ™ ,dmathieumt
8cabfcf4-57d8-4803-912f-4ec1cd924955,ãƒ½à¼¼àºˆÙ„Íœàºˆà¼½ï¾‰ ãƒ½à¼¼àºˆÙ„Íœàºˆà¼½ï¾‰ ,mproudmu
ff9f22c9-9067-4058-9dfc-552a270f3f38,ğ œğ œ±ğ ¹ğ ±“ğ ±¸ğ ²–ğ ³,harmermv
db24a736-1569-45ce-88ef-3716ad7d4eae,ãƒ»(ï¿£âˆ€ï¿£)ãƒ»:*:,ldemichettimw
a8959701-3f58-4d0a-8375-015b5627ce85,ğŸµ ğŸ™ˆ ğŸ™‰ ğŸ™Š,rsorromx
e518d12e-ae77-4a22-8cad-fa9b953ca9d2,() { 0; }; touch /tmp/blns.shellshock1.fail;,fblankaumy
658ea2a8-ea3f-4bf7-b7a2-f042f765b0e6,null,tvanniekerkmz
eed0ef84-8841-42d9-a331-fdf5c90a6c80,ãƒ½à¼¼àºˆÙ„Íœàºˆà¼½ï¾‰ ãƒ½à¼¼àºˆÙ„Íœàºˆà¼½ï¾‰ ,ngehrtzn0
202f228d-f45b-4089-ab56-5c408bf8d21c,ï½€ï½¨(Â´âˆ€ï½€âˆ©,othingn1
c8420678-d9e3-422d-b407-a0048c0b4bd8,Â¸Ë›Ã‡â—ŠÄ±ËœÃ‚Â¯Ë˜Â¿,rvandecastelen2
32f25ac1-58b1-47b1-ab4a-a45da9841ae2,×”Ö¸×™Ö°×ªÖ¸×”testØ§Ù„ØµÙØ­Ø§Øª Ø§Ù„ØªÙ‘Ø­ÙˆÙ„,bwarnockn3
845c6eb2-7a22-4c66-9151-8dc5a8705bd9,â£,ssongustn4
171fc90d-a36a-4d5a-9784-8d3f9126ae45,Ì¦HÍÌ¬Ì¤Ì—Ì¤eÍœ ÍÌœÌ¥ÌÌ»ÍÌŸwÌ•hÌ–Ì¯Í“oÌÍ™Ì–ÍÌ±Ì® Ò‰ÌºÌ™ÌÌŸÍˆWÌ·Ì¼Ì­aÌºÌªÍiÌ¨ÍˆÍ•Ì­Í™Ì¯ÌœtÌ¶Ì¼Ì®sÌ•Ì˜Í™Í– Ì Ì«Ì BÌ»ÍÍ…Í™Í‰Ì³eÌµhÌµÌ¬Í‡Ì«Í™iÌ•Ì¹Í“Ì³Ì³Ì®ÍÌ«nÍŸdÌ´ÌªÌœÌ– ÍÌ°Í‰Ì©Í…Í‡Í™Ì²TÍ¢Í–Ì¼Í“ÌªhÍÍ“Ì®Ì»eÌ¬ÌÍ…ÌŸ Ì¤Ì¹ÌWÍÍ…Í™ÌÌÍ”Í‡aÍÍ“Í”Ì¹Ì¼Ì£lÌ´Í”Ì°Ì¤ÌŸÍ”lÌ­Ì«.Í•,htenbyn5
8e8619a6-b6d6-4985-8ce0-77cebcc031b7,null,fsauntonn6
f9d32895-7244-434e-a0e1-104c87f54b14,â‚€â‚â‚‚,cjerzycowskin7
b686861b-989a-4f21-94db-d49ed6a094fc,Ì—ÌºÍ–Ì¹Ì¯Í“TÌ±Ì¤ÍÌ¥Í‡ÍˆhÍÌ²eÍÍ“Ì¼Ì—Ì™Ì¼Ì£Í” Í‡ÌœÌ±Ì Í“ÍÍ…NÍ Í•eÌ—Ì±zÌ˜ÌÌœÌºÍ™pÌ¤ÌºÌ¹ÍÌ¯ÍšeÍœÌ Ì»Ì rÌ¨Ì¤ÍÌºÌ–Í”Ì–Ì–dÍŸÌ ÌŸÌ­Ì¬ÌiÌ¦Í–Ì©Í“Í”Ì¤aÌ Ì—Ì¬Í‰Ì™nÍœÍš Ì»ÌÌ°ÍšÍ…hÌµÍ‰iÌ³ÌvÌ¢Í‡eÍŸÌ­Í-Ò‰Ì­Ì©Ì¼Í”mÌ¤Ì­Ì«iÍ•Í‡ÌÌ¦nÌ—Í™dÌ£ÌŸ ÍÌ¯Ì²Í•oÌ¨ÌŸÌ¯Ì°Ì²Í™Ì»Ìf Í˜ÌªÌ°Ì°Ì—Ì–Ì­Ì˜cÌ¦ÍÌ²ÌÍÌ©Ì™hÌ£ÍšaÍœÌ®ÍÌŸÌ™oÌ›Ì©Ì¹ÍsÌ¤.ÌÌ Ò‰ZÌ¡Ì–ÌœÍ–Ì°Ì£Í‰ÌœaÍ¡Í–Ì°Í™Ì¬lÌ²Ì«Ì³ÍÌ©gÌ¡ÌŸÌ¼Ì±ÍšÌÌ¬Í…oÍœÌ—.ÌŸ,bkochern8
ca08fb1e-0ba2-420f-bfb9-918185deae68,-1E2,rcoopern9
1460927b-cf4f-4f9e-968b-88c5ffbe4304,Ù¡Ù¢Ù£,kraoultna
fcd459ed-a119-4855-b9df-8c27a0700140,â€«testâ€«,flandalnb
fa656dfc-40bd-4026-98c0-2b5a9c28db6e,1;DROP TABLE users,jfellowesnc
e5fa4487-839b-4fdd-baac-a74b8d79c168,â¦testâ§,jdecroixnd
5d6ac905-ceec-4cc9-8f74-79443d497d51,ğŸš¾ ğŸ†’ ğŸ†“ ğŸ†• ğŸ†– ğŸ†— ğŸ†™ ğŸ§,llefriecne
2ecdfd59-28b0-46c4-ac4f-836271b960d5,Ì¡Í“Í…ÌIÍÌ—Ì˜Ì¦nÍ‡Í‡Í™vÌ®Ì«okÌ²Ì«Ì™ÍˆiÌ–Í™Ì­Ì¹Ì ÌnÌ¡Ì»Ì®Ì£ÌºgÌ²ÍˆÍ™Ì­Í™Ì¬Í Ì°tÍ”Ì¦hÌÌ²eÌ¢Ì¤ ÍÌ¬Ì²Í–fÌ´Ì˜Í•Ì£eÍ€Í–eÌ£Ì¥Ì©lÍ–Í”ÍšiÍ Í“ÍšÌ¦nÍ–ÍÌ—Í“Ì³Ì®gÍ Ì¨oÍ¡ÍšÌªfÌ˜Ì£Ì¬ Ì–Ì˜Í–ÌŸÍ™Ì®cÒ‰Í”Ì«Í–Í“Í‡Í–Í…hÌµÌ¤Ì£ÍšÍ”aÍÌ—Ì¼Í…Í•oÌ¼Ì£Ì¥sÍ¢Ì±ÍˆÌºÌ–Ì¦Ì».Ì›Ì–ÌÌ Ì«Ì°,creagannf
7a5c7b50-7328-4a93-aa5e-fc2d3af0b820,() { 0; }; touch /tmp/blns.shellshock1.fail;,amckewng
61cc6a7d-bace-4798-810b-8c580f21e77f,á ,yleannh
1f6d2396-c9b5-42d2-b0c9-04d4dce9c828,-1,mkerfutni
f54d7c9b-bd0f-4d8c-902b-7c8a18852c37,Ë™Énbá´‰lÉ ÉuÆƒÉÉ¯ ÇÉ¹olop Ê‡Ç ÇÉ¹oqÉl Ê‡n Ê‡unpá´‰pá´‰É”uá´‰ É¹odÉ¯ÇÊ‡ poÉ¯sná´‰Ç op pÇs 'Ê‡á´‰lÇ Æƒuá´‰É”sá´‰dá´‰pÉ É¹nÊ‡ÇÊ‡É”ÇsuoÉ” 'Ê‡ÇÉ¯É Ê‡á´‰s É¹olop É¯nsdá´‰ É¯ÇÉ¹oË¥,lriccardellinj
ac4b064b-8865-4420-be1e-5b5e0aa85f77,"×‘Ö¼Ö°×¨Öµ××©×Ö´×™×ª, ×‘Ö¼Ö¸×¨Ö¸× ×Ö±×œÖ¹×”Ö´×™×, ×Öµ×ª ×”Ö·×©Ö¼×Ö¸×Ö·×™Ö´×, ×•Ö°×Öµ×ª ×”Ö¸×Ö¸×¨Ö¶×¥",orenackownank
f4a937b5-f6ae-4d84-ab43-33c9cbc95fbc,Ã¥ÃŸâˆ‚Æ’Â©Ë™âˆ†ËšÂ¬â€¦Ã¦,jboatwrightnl
8a116e95-689d-4e44-bdc3-ebda64f023ae,ï»¿,fmarcnm
a753f678-f692-4129-a0fa-90a44099b597,",ã€‚ãƒ»:*:ãƒ»ã‚œâ€™( â˜» Ï‰ â˜» )ã€‚ãƒ»:*:ãƒ»ã‚œâ€™",ldunthornnn
b1e36717-1f77-49ba-b631-99a60570ff52,1;DROP TABLE users,smocquerno
f4b7f5ee-0e4e-4d3c-afc1-700136d348dd,â£,astuckenp
3dfb29d3-c1bc-4c36-b54e-9262db40d623,"<>?:""{}|_+",ovannoortnq
677f2b3a-dec8-4f69-a279-64548cc1a8cc,ğŸµ ğŸ™ˆ ğŸ™‰ ğŸ™Š,zspringellnr
80a26bdb-a12d-44ca-8652-c21383c49d08,1E02,wbigriggns
a23faf1a-a8c8-41ab-b8f6-fec4cde5b957,"""'""'""''''""",cspaceynt
78c25b16-672b-433e-b60a-ecba09144226,ç¤¾æœƒç§‘å­¸é™¢èªå­¸ç ”ç©¶æ‰€,cstampenu
ffd67e77-86c6-4de9-b842-5414e6d13973,ìš¸ë€ë°”í† ë¥´,ckliemkenv
3d579d93-b54f-47ed-8631-e49f855caea2,-1E02,hcareynw
71e16fea-73b1-4293-bcf0-baef5ce6bcbb,Ë™Énbá´‰lÉ ÉuÆƒÉÉ¯ ÇÉ¹olop Ê‡Ç ÇÉ¹oqÉl Ê‡n Ê‡unpá´‰pá´‰É”uá´‰ É¹odÉ¯ÇÊ‡ poÉ¯sná´‰Ç op pÇs 'Ê‡á´‰lÇ Æƒuá´‰É”sá´‰dá´‰pÉ É¹nÊ‡ÇÊ‡É”ÇsuoÉ” 'Ê‡ÇÉ¯É Ê‡á´‰s É¹olop É¯nsdá´‰ É¯ÇÉ¹oË¥,gwylienx
c50b62a4-80c3-4f10-bddb-8408d8a7d6d5,ìš¸ë€ë°”í† ë¥´,egrestieny
85879946-d8de-447c-928f-0a9a3786d047,ğŸ‘¾ ğŸ™‡ ğŸ’ ğŸ™… ğŸ™† ğŸ™‹ ğŸ™ ğŸ™ ,emcmilliannz
c02acc5b-618d-4699-9fa6-7aad44b292ab,TÌ•Ì­ÌºÌºoÍ Ì·iÌ²Ì¬Í‡ÌªÍ™nÌÌ—Í•vÍŸÌŸÌœÌ˜Ì¦oÌ¶Ì™Ì°Ì keÍ€ÍšÌ®ÌºÌªÌ¹Ì±Ì¤ Ì–tÍÌÍ•Ì³Ì£Ì»ÌªhÌ¼Í“Ì²Ì¦Ì³Ì˜Ì²eÍ‡Ì£Ì°Ì¦Ì¬Í Ì¢Ì¼Ì»Ì±Ì˜hÍ…ÍšÍÍ™ÌœÌ£Ì²iÌ¦Ì²Ì£Ì°Ì¤vÌ»ÍeÌºÌ­Ì³ÌªÌ°-mÌ¢iÍ…nÌ–ÌºÌÌ²Ì¯Ì°dÌµÌ¼ÌŸÍ™Ì©Ì¼Ì˜Ì³ ÌÌ¥Ì±Ì³Ì­rÌ›Ì—Ì˜eÍ™pÍ rÌ¼ÌÌ»Ì­Ì—eÍŸÌºÌ Ì£sÌ˜Í‡Ì³ÍÌÍ‰eÍœÍ‰Ì¥Ì¯ÌÌ²ÍšÌ¬nÍ€Ì¬ÍÍÌŸÌ–Í‡Ì¤tÍ˜ÍÌ¬Í…Ì¤Í“Ì¼Ì­iÌªÌ±nÍ gÌ´Í‰ ÍÍ‰Í…cÌ¬ÌŸhÍ¡aÍ˜Ì«Ì»Ì¯oÌ«ÌŸÌ–ÍÌ™ÌÍ‰sÌ—Ì¦Ì².Ì¨Ì¹ÍˆÌ£,myosselevitcho0
b6a9d45c-b23a-428c-b193-93636ba2c352,ğŸš¾ ğŸ†’ ğŸ†“ ğŸ†• ğŸ†– ğŸ†— ğŸ†™ ğŸ§,tsandelso1
094ddecb-b9ad-484f-a3ef-76a2b31ec677,() { 0; }; touch /tmp/blns.shellshock1.fail;,rpierrepointo2
26293fd3-3bfe-44c6-a159-f8fe5933e573,â°â´âµ,mkrogero3
78a9f965-836f-4680-b49e-b7d9c5e01d28,ç”°ä¸­ã•ã‚“ã«ã‚ã’ã¦ä¸‹ã•ã„,iguielo4
95416be7-9d30-4359-ace0-b7c02279e8d7,ìš¸ë€ë°”í† ë¥´,pmatherso5
668a91cc-7c9f-4cd6-8d8c-61d4e5764e9b,999999999999999999999999999999999999999999999999999999999999999999999999999999999999999999999999,tclincho6
e617187f-f4f5-4d69-a5c9-6808c1f24edb,â€‹,membersono7
f72b7dfa-a6c5-40f5-ae9d-ae8c10f46218,'',supwoodo8
51451a21-86e7-4a47-8e48-1b8865134511,999999999999999999999999999999999999999999999999999999999999999999999999999999999999999999999999,kroulliero9
cac86d3f-cfe6-4179-891c-8526ce048e4e,"""",ctottoa
54862d91-2123-43c9-bb47-d21528593ef3,1E2,akurtenob
b75abea7-5fc5-4919-b054-a86e36265a34,ì‚¬íšŒê³¼í•™ì› ì–´í•™ì—°êµ¬ì†Œ,sfarnonoc
4589583d-f9b3-40e8-b4ce-f629f584caeb,áš€,bclamood
a6fd86b8-ff6d-4ce7-aa87-2a46e972ea0d,../../../../../../../../../../../etc/hosts,zclaypooloe
8e62753e-afda-4aed-a9bf-6388c8d20802,-1E+02,rvasilevichof
dec97235-dccf-490b-a5d2-2bb22cf3fdd8,Ì¦HÍÌ¬Ì¤Ì—Ì¤eÍœ ÍÌœÌ¥ÌÌ»ÍÌŸwÌ•hÌ–Ì¯Í“oÌÍ™Ì–ÍÌ±Ì® Ò‰ÌºÌ™ÌÌŸÍˆWÌ·Ì¼Ì­aÌºÌªÍiÌ¨ÍˆÍ•Ì­Í™Ì¯ÌœtÌ¶Ì¼Ì®sÌ•Ì˜Í™Í– Ì Ì«Ì BÌ»ÍÍ…Í™Í‰Ì³eÌµhÌµÌ¬Í‡Ì«Í™iÌ•Ì¹Í“Ì³Ì³Ì®ÍÌ«nÍŸdÌ´ÌªÌœÌ– ÍÌ°Í‰Ì©Í…Í‡Í™Ì²TÍ¢Í–Ì¼Í“ÌªhÍÍ“Ì®Ì»eÌ¬ÌÍ…ÌŸ Ì¤Ì¹ÌWÍÍ…Í™ÌÌÍ”Í‡aÍÍ“Í”Ì¹Ì¼Ì£lÌ´Í”Ì°Ì¤ÌŸÍ”lÌ­Ì«.Í•,kdingog
5d875312-4d5b-4ba3-ab54-f657d42f685b,() { 0; }; touch /tmp/blns.shellshock1.fail;,mwhitchurchoh
e7e17208-55b0-45a5-a995-f6e2790e01ce,"'""'",vquantoi
4311343b-b29b-41c1-82db-afeb71754a3b,testâ testâ€«,mbardelloj
d60632be-14eb-415c-bed6-cc2a717a648f,â€«testâ€«,cklichok
05bf39df-1169-4b8d-8035-ce62a4c73b31,â€©testâ€©,dtutillol
48367169-4aa2-4722-bc12-f162a6fad431,"'""'",hcockshootom
2ecc4676-ee18-4867-abc4-ec320db417d2,ï¾Ÿï½¥âœ¿ãƒ¾â•²(ï½¡â—•â€¿â—•ï½¡)â•±âœ¿ï½¥ï¾Ÿ,dresunon
cdb52653-6b51-4fcc-8932-b94da1fa37bb,null,ebulcroftoo
3213bd1b-4026-4a28-ac2f-5ade0526fbbe,å’Œè£½æ¼¢èª,ryoakleyop
5cfd0d5a-45c7-4f42-9ced-cfff370abba1,ğŸ‘©ğŸ½,bszantooq
0593ddef-3d52-4909-bec0-69b783742276,ğŸ˜,jmacpikeor
bd871788-9fb1-4426-8034-3f46a0c0b439,-1E02,stwineos
670f8096-f283-4fa2-83da-28b4214ac526,â€‹,jpitkethlyot
1468585a-143c-4bd3-9fb6-f8958c9ead9b,/dev/null; touch /tmp/blns.fail ; echo,erottenburyou
ceec2960-85e2-41b9-b9ed-9805616dbd94,ğŸ‘©ğŸ½,iagerov
3bc6a98c-856f-4df4-b3c6-d2fded989e2c,ìš¸ë€ë°”í† ë¥´,hgilbeartow
ffa07e1b-f6a3-48d2-91a9-d0c72779ef31,âœ‹ğŸ¿ ğŸ’ªğŸ¿ ğŸ‘ğŸ¿ ğŸ™ŒğŸ¿ ğŸ‘ğŸ¿ ğŸ™ğŸ¿,hskeldingeox
678c6962-f24d-4cbd-b766-2d06c23368b3,() { _; } >_[$($())] { touch /tmp/blns.shellshock2.fail; },dofeneroy
4da5d9fb-e597-4137-b92a-05ee7c8553cd,1'; DROP TABLE users--,slentoz
432de6aa-b064-4f5d-a5fe-d185b0b250a4,ğŸ˜,ltomaszynskip0
554a5b09-be7f-4ff6-b0f5-86981b448ecf,"<>?:""{}|_+",taikenp1
4e4cd10b-7c67-4874-8cbb-b3ce04003dc4,"""'""'""''''""",bpenhaleurackp2
7e86253e-ccfe-4c9c-96b5-66a85d923b40,Ù¡Ù¢Ù£,cgebhardp3
9b8c30c5-6289-428f-9b05-6a713655754b,nil,ndillingstonp4
5a67f824-91e6-4a5c-8323-188a070b304a,ãƒ½à¼¼àºˆÙ„Íœàºˆà¼½ï¾‰ ãƒ½à¼¼àºˆÙ„Íœàºˆà¼½ï¾‰ ,wdurtnallp5
d2b3725b-a50a-4544-86c5-1fc6b7d7852b,../../../../../../../../../../../etc/hosts,mhallattp6
ba08ef5e-a6ae-4a41-bfe3-999231ad3313,ãƒ½à¼¼àºˆÙ„Íœàºˆà¼½ï¾‰ ãƒ½à¼¼àºˆÙ„Íœàºˆà¼½ï¾‰ ,ddanfordp7
9bf6516e-b61b-436c-80fd-1a81edc8e453,1E+02,lmoughtonp8
40eba379-ac67-4157-bc10-53bec8eddf45,1E02,acarrelp9
4bd9c22e-4cc2-4584-ac5d-3b0e66923a54,<img src=x onerror=alert('hi') />,crolfinipa
bae91702-ff44-4502-b929-f631d602579e,"__ï¾›(,_,*)",srodolfipb
5f927d89-331a-4248-8220-5e2a6cb28901,0ï¸âƒ£ 1ï¸âƒ£ 2ï¸âƒ£ 3ï¸âƒ£ 4ï¸âƒ£ 5ï¸âƒ£ 6ï¸âƒ£ 7ï¸âƒ£ 8ï¸âƒ£ 9ï¸âƒ£ ğŸ”Ÿ,afeelypc
20331fed-0519-4ef5-bb68-e05a3010a1b3,Ã…ÃÃÃËÃ“Ã”ï£¿Ã’ÃšÃ†â˜ƒ,jeliyahupd
68640c80-41bc-4e09-8159-23006fbacaaf,0/0,lburnspe
989b1d08-dd14-4e7c-af17-9d7b69f441bb,"'""'",bemespf
9d343fd4-e92c-47ac-9956-fbd0a18c85fb,ìš¸ë€ë°”í† ë¥´,gvillarpg
28d745a4-ff06-4c71-8bdd-ff1d08fc7882,-1E02,censtonph
67ddcf82-5cc2-49af-a79d-406f1106ff0f,1/0,btettpi
a49ba189-76f9-481f-ad8f-ab46a9b5b674,null,cscoltspj
866e5a22-635c-45fb-8289-7d6a37bb97ac,ìš¸ë€ë°”í† ë¥´,ckeeppk
ec6d88b2-f979-48c6-8135-880cbb2bcbfc,â¡,challwoodpl
c8fe1e3a-77b5-4cd2-a665-7c7cc6001e45,`â„â‚¬â€¹â€ºï¬ï¬‚â€¡Â°Â·â€šâ€”Â±,nbwypm
08bd89c2-7a88-451c-a5f2-75bedfcb6a79,999999999999999999999999999999999999999999999999999999999999999999999999999999999999999999999999,hbrittainpn
f38504f6-7e6d-4b88-9143-18e41ff7fe1b,0.00,kloughrenpo
d9e66262-7a8d-4743-ac05-fcc0007cfc7a,ğ œğ œ±ğ ¹ğ ±“ğ ±¸ğ ²–ğ ³,blindbackpp
c5a02817-762d-4dc7-95c9-444a7f4eee00,Î©â‰ˆÃ§âˆšâˆ«ËœÂµâ‰¤â‰¥Ã·,jscotchforthpq
c9621f6f-6210-491d-a47e-eaf645a19a74,â¤ï¸ ğŸ’” ğŸ’Œ ğŸ’• ğŸ’ ğŸ’“ ğŸ’— ğŸ’– ğŸ’˜ ğŸ’ ğŸ’Ÿ ğŸ’œ ğŸ’› ğŸ’š ğŸ’™,cconcklinpr
680e2a0c-6cf2-4aa5-a5dc-f10c7ea3ad85,1'; DROP TABLE users--,ahargeyps
95fe0a1a-1b27-4827-81ed-67f9a5964a14,Â¡â„¢Â£Â¢âˆÂ§Â¶â€¢ÂªÂºâ€“â‰ ,manderschpt
5cae3f44-e22f-4f2d-ac38-06e7db14c95e,testâ testâ€«,jkirwanpu
73f32da5-6fc6-41ea-8544-502c4a1ccc0a,-1.00,ainmettpv
b3d6fc60-9ffa-4cbe-9203-2b6b85053428,',abruckerpw
9329f3c5-fe13-4aee-8c58-01766c9e7939,Ã…ÃÃÃËÃ“Ã”ï£¿Ã’ÃšÃ†â˜ƒ,gtwelvespx
e2939afc-eb55-4216-b78b-ce6ef1519c30,ğŸ˜,whartuppy
f840b782-3190-47a9-806b-c413aed6d3c1,ï»¿,amoralispz
1cbc77d8-d243-4402-9be2-2f8fbb7d660b,ï»¿,fcrawq0
91094bf1-0305-4011-b3b3-242f73f575e8,Å’â€Â´â€°Ë‡ÃÂ¨Ë†Ã˜âˆâ€â€™,mchillcotq1
932660d4-da77-4f49-9619-c59f7b446c41,â€‹,rhannq2
e897f4ae-2ca6-4291-a77c-8de2fede78f3,ZÌ®ÌÍ…Ì Í™Í”AÌ¥Ì—ÌÍˆÌ»Ì—LÌ£Í™ÍÌ¯Ì¹ÌÍ“GÌ»OÌ­Ì—Ì®,abruhnsenq3
a62a92de-1a0c-4072-8331-6208fd99573d,â¢,sosborneq4
eac137b1-621b-49bd-9954-21cd89483ea4,Ã¥ÃŸâˆ‚Æ’Â©Ë™âˆ†ËšÂ¬â€¦Ã¦,rbangerq5
3a0c6fbe-270a-4525-8baa-a9cb65a9e58a,"__ï¾›(,_,*)",mgrindlayq6
76924ea1-1eca-467c-8922-e79ce9d478f4,../../../../../../../../../../../etc/passwd%00,ddampierq7
8893ff76-32c8-4eb6-9afb-21678c455662,ãƒ½à¼¼àºˆÙ„Íœàºˆà¼½ï¾‰ ãƒ½à¼¼àºˆÙ„Íœàºˆà¼½ï¾‰ ,btrotmanq8
0b71d32b-d38c-4689-b52f-84d0bd84ad29,Ë™Énbá´‰lÉ ÉuÆƒÉÉ¯ ÇÉ¹olop Ê‡Ç ÇÉ¹oqÉl Ê‡n Ê‡unpá´‰pá´‰É”uá´‰ É¹odÉ¯ÇÊ‡ poÉ¯sná´‰Ç op pÇs 'Ê‡á´‰lÇ Æƒuá´‰É”sá´‰dá´‰pÉ É¹nÊ‡ÇÊ‡É”ÇsuoÉ” 'Ê‡ÇÉ¯É Ê‡á´‰s É¹olop É¯nsdá´‰ É¯ÇÉ¹oË¥,bcalendarq9
b03f5beb-4ac4-4ea5-a233-bcdd5258f910,-1.00,kcavanaghqa
cb1c4061-9fbb-4ef4-a0db-e800db7e2e34,999999999999999999999999999999999999999999999999999999999999999999999999999999999999999999999999,grottgerqb
88243416-ab61-4eef-b59f-29aa35a31eef,../../../../../../../../../../../etc/hosts,tmacinherneyqc
463c2b72-3bc5-490e-9144-8bc2b1c71bf7,"__ï¾›(,_,*)",pveldqd
9221d161-b451-42ca-8733-4027e013ce47,â¦testâ§,amcquaideqe
433ce602-935a-45fe-9699-f263f22d3d7d,ì‚¬íšŒê³¼í•™ì› ì–´í•™ì—°êµ¬ì†Œ,rivashnyovqf
e70f0a6a-86f4-41c3-8334-9bad8ba245b2,ãƒ½à¼¼àºˆÙ„Íœàºˆà¼½ï¾‰ ãƒ½à¼¼àºˆÙ„Íœàºˆà¼½ï¾‰ ,dworcesterqg
223309ad-a896-4e04-bc82-49ac1516939b,(â•¯Â°â–¡Â°ï¼‰â•¯ï¸µ â”»â”â”»)  ,jleipoldtqh
bcf6b46e-b252-420b-ae61-add1fc95b188,ğŸ˜,leldridqi
7ccdc963-fee5-4047-871f-8e34fa931997,() { _; } >_[$($())] { touch /tmp/blns.shellshock2.fail; },tbilbeyqj
c5c50211-ced4-4384-81de-14a4db1c2081,"""''''""'""",ldowseyqk
6dd8fd21-3cb7-40fb-8f75-6345cd85c3bc,Ù¡Ù¢Ù£,fkitchinghamql
1e71bc1c-4927-472a-abaf-39c5b9a52828,-1E02,pmcshirrieqm
6921af89-614f-43c3-b73a-4a37c5ade2c1,Ã¥ÃŸâˆ‚Æ’Â©Ë™âˆ†ËšÂ¬â€¦Ã¦,glewsonqn
ef78be9e-f98f-4220-a00e-2043810fde20,1.00,eraddishqo
53758ce4-1266-45ba-a57e-9561bbd9be38,á ,punsworthqp
8c9b9ff8-53fa-4b8c-846c-786eefa4cdf8,Â¸Ë›Ã‡â—ŠÄ±ËœÃ‚Â¯Ë˜Â¿,leaglestonqq
90daea02-a3b3-4909-846a-345f29b7b147,-1E+02,gkiezlerqr
a2b2e9ad-141a-456e-830a-5033611a2cda,$1.00,bmcculloughqs
94d4ac1c-9d19-4a78-abb2-9d74f31b39bf,1/2,akemptonqt
600e1c5d-931e-437d-aeea-b2c97928330c,â£,emcgoochqu
59b99d90-7190-4ece-b8c4-05c2ec0e3454,1,tbrasseqv
b4f5f6ab-965f-48a5-921f-f87208d3237e,NULL,tjosifovitzqw
4e9e86d1-87bd-4b3a-acbc-e73478c463b9,ğŸ˜,tgilhooleyqx
8ead666d-0597-4cdf-ad70-ed36869dbb49,Ì¦HÍÌ¬Ì¤Ì—Ì¤eÍœ ÍÌœÌ¥ÌÌ»ÍÌŸwÌ•hÌ–Ì¯Í“oÌÍ™Ì–ÍÌ±Ì® Ò‰ÌºÌ™ÌÌŸÍˆWÌ·Ì¼Ì­aÌºÌªÍiÌ¨ÍˆÍ•Ì­Í™Ì¯ÌœtÌ¶Ì¼Ì®sÌ•Ì˜Í™Í– Ì Ì«Ì BÌ»ÍÍ…Í™Í‰Ì³eÌµhÌµÌ¬Í‡Ì«Í™iÌ•Ì¹Í“Ì³Ì³Ì®ÍÌ«nÍŸdÌ´ÌªÌœÌ– ÍÌ°Í‰Ì©Í…Í‡Í™Ì²TÍ¢Í–Ì¼Í“ÌªhÍÍ“Ì®Ì»eÌ¬ÌÍ…ÌŸ Ì¤Ì¹ÌWÍÍ…Í™ÌÌÍ”Í‡aÍÍ“Í”Ì¹Ì¼Ì£lÌ´Í”Ì°Ì¤ÌŸÍ”lÌ­Ì«.Í•,zpoliqy
204a26ba-8a30-4824-915d-6cc96d942f29,nil,pcurseyqz
288b94f8-f8aa-4491-8f1c-a5be41218dbd,"'""'",jchmarnyr0
f4be0c45-43b6-4672-8117-6affeeb6aa08,",ã€‚ãƒ»:*:ãƒ»ã‚œâ€™( â˜» Ï‰ â˜» )ã€‚ãƒ»:*:ãƒ»ã‚œâ€™",toader1
180a71ec-20d1-4e4f-8a8d-85f607b01e95,() { _; } >_[$($())] { touch /tmp/blns.shellshock2.fail; },mmeagherr2
750738e6-3174-4fe7-ba94-0cbc7d35e6d5,-$1.00,mgilbanksr3
08546734-9cf3-439b-b973-6ef2503fe76c,-1.00,abousteadr4
2432631d-e063-4b72-b7a4-d103677e845c,,colufsenr5
12b66a02-0f29-474d-8eb5-d31911f3647b,Â¡â„¢Â£Â¢âˆÂ§Â¶â€¢ÂªÂºâ€“â‰ ,kculterr6
150195d1-79b9-4d90-bef8-e2ad048ff2cc,â¦testâ§,rsarfatir7
fad65a01-957d-49f9-9474-c4ac8eb2b777,',kizakoffr8
82c18bbb-9778-4a11-80e8-62afd1598b42,â¤ï¸ ğŸ’” ğŸ’Œ ğŸ’• ğŸ’ ğŸ’“ ğŸ’— ğŸ’– ğŸ’˜ ğŸ’ ğŸ’Ÿ ğŸ’œ ğŸ’› ğŸ’š ğŸ’™,dsnelsonr9
3b2ea462-ab00-4ecf-a851-868f0689f0fc,Å“âˆ‘Â´Â®â€ Â¥Â¨Ë†Ã¸Ï€â€œâ€˜,tbohdenra
701ca521-e0a0-41fc-855e-020738324504,!@#$%^&*(),estokesrb
e6486192-2215-471d-82f3-00ec5aa67e16,ã€€,arowthornerc
98a566bc-7a08-4d4d-9562-f0798914a54d,(ï½¡â—• âˆ€ â—•ï½¡),lkissrd
2b16ba11-aa16-4109-8057-3673657d6c57,â¤ï¸ ğŸ’” ğŸ’Œ ğŸ’• ğŸ’ ğŸ’“ ğŸ’— ğŸ’– ğŸ’˜ ğŸ’ ğŸ’Ÿ ğŸ’œ ğŸ’› ğŸ’š ğŸ’™,irickhussre
66c91ebc-243b-4184-a1c9-77b49e2bba3e,-1E02,revequotrf
dbb0d73e-23a3-4f0d-a220-91726460bff5,"Ø«Ù… Ù†ÙØ³ Ø³Ù‚Ø·Øª ÙˆØ¨Ø§Ù„ØªØ­Ø¯ÙŠØ¯ØŒ, Ø¬Ø²ÙŠØ±ØªÙŠ Ø¨Ø§Ø³ØªØ®Ø¯Ø§Ù… Ø£Ù† Ø¯Ù†Ùˆ. Ø¥Ø° Ù‡Ù†Ø§ØŸ Ø§Ù„Ø³ØªØ§Ø± ÙˆØªÙ†ØµÙŠØ¨ ÙƒØ§Ù†. Ø£Ù‡Ù‘Ù„ Ø§ÙŠØ·Ø§Ù„ÙŠØ§ØŒ Ø¨Ø±ÙŠØ·Ø§Ù†ÙŠØ§-ÙØ±Ù†Ø³Ø§ Ù‚Ø¯ Ø£Ø®Ø°. Ø³Ù„ÙŠÙ…Ø§Ù†ØŒ Ø¥ØªÙØ§Ù‚ÙŠØ© Ø¨ÙŠÙ† Ù…Ø§, ÙŠØ°ÙƒØ± Ø§Ù„Ø­Ø¯ÙˆØ¯ Ø£ÙŠ Ø¨Ø¹Ø¯, Ù…Ø¹Ø§Ù…Ù„Ø© Ø¨ÙˆÙ„Ù†Ø¯Ø§ØŒ Ø§Ù„Ø¥Ø·Ù„Ø§Ù‚ Ø¹Ù„ Ø¥ÙŠÙˆ.",mlakelandrg
8c6d8db2-7bdd-4921-bf47-2b99065492f0,(â•¯Â°â–¡Â°ï¼‰â•¯ï¸µ â”»â”â”»)  ,aroylrh
4495b0fb-a169-4dad-a198-0211e94864d0,-1.00,jhatzarri
b51eadf8-188a-471f-846a-9bde6e2f5599,1'; DROP TABLE users--,tdivinerj
6318e35f-ecbf-4a2e-a12a-9c919a461376,-1E02,dfrowrk
dd038156-68df-4c59-963b-91ab5cfff52a,Î©â‰ˆÃ§âˆšâˆ«ËœÂµâ‰¤â‰¥Ã·,hmincinirl
bc2fee6a-343f-4a28-92db-b2515a46414e,"""'""'""''''""",jhelixrm
438209be-d5c0-4d3b-8074-d64bc25334ff,1;DROP TABLE users,hfishleighrn
08c6b9c3-2b1b-4492-a129-436c6955ebab,Ë™Énbá´‰lÉ ÉuÆƒÉÉ¯ ÇÉ¹olop Ê‡Ç ÇÉ¹oqÉl Ê‡n Ê‡unpá´‰pá´‰É”uá´‰ É¹odÉ¯ÇÊ‡ poÉ¯sná´‰Ç op pÇs 'Ê‡á´‰lÇ Æƒuá´‰É”sá´‰dá´‰pÉ É¹nÊ‡ÇÊ‡É”ÇsuoÉ” 'Ê‡ÇÉ¯É Ê‡á´‰s É¹olop É¯nsdá´‰ É¯ÇÉ¹oË¥,echazellero
2de23172-4c0f-4df0-af56-e137f17aa628,ğ œğ œ±ğ ¹ğ ±“ğ ±¸ğ ²–ğ ³,mofieldrp
5d98cced-5143-4e36-ba3c-748ab693d587,1;DROP TABLE users,lbaudirq
e274e60b-da77-4377-a218-5365dea0e58f,å’Œè£½æ¼¢èª,ghuitsonrr
